ID,NPS 2011,NPS 2010,NPS 2009,NPS 2008,geq 3 FPP Date,geq 10 FPP Date,geq 20 FPP Date,geq 35 FPP Date
1,10,10,10,10,40335,40347,40407,40420
2,9,10,10,,40162,40198,40329,
3,,10,10,,40338,40338,40477,
4,10,,10,,40549,40549,,
5,10,,10,,40311,40322,40325,40330
6,10,,,,40409,40527,,
7,,,9,,40274,40274,40274,
8,10,9,,,40441,40455,,
9,9,10,9,,40228,40280,40315,40376
10,9,,8,,40294,40298,40307,40329
11,,10,10,,40435,40442,40447,40449
12,8,8,,8,40312,40322,40331,40451
13,10,10,,,40323,40330,40515,
14,10,10,9,10,40270,40326,40423,
15,,6,,10,40442,40465,40465,
16,10,10,,,40303,40315,40324,
17,10,10,9,10,40303,40326,40330,
18,,10,,,40323,,,
19,10,10,10,10,40259,40316,40323,40329
20,10,,,,40290,40305,40310,40317
21,,,,,40301,40314,40329,40443
22,9,10,10,9,40176,40194,40478,
23,8,,,,40438,40443,40444,40447
24,10,10,10,9,40311,40342,40443,40482
25,,,,10,40329,40438,40482,
26,9,9,9,10,40255,40260,40279,40322
27,10,10,10,10,40290,40442,,
28,10,10,10,10,40296,40304,40312,40324
29,9,9,,,40300,40319,40329,40449
30,10,9,9,9,40324,40329,40336,40448
31,10,10,9,10,40322,40330,40441,40451
32,10,10,10,10,40288,40291,40298,40314
33,10,,9,10,40337,40459,,
34,10,,9,10,40312,40344,,
35,9,10,10,10,40309,40329,40442,40470
36,10,10,10,8,40259,40331,40316,40324
37,10,10,10,10,40284,40321,40330,40441
38,10,,,,40315,40322,40330,
39,10,10,,8,40305,40344,40344,40317
40,9,8,,8,40250,40255,40262,40317
41,9,9,6,9,40451,40464,,
42,10,10,10,10,40240,40250,40276,40425
43,,9,,,40323,40323,40325,40327
44,10,9,10,10,40316,40317,40346,
45,10,10,10,9,40252,40287,40309,40353
46,8,9,8,7,40308,40326,40367,
47,10,,,,40488,40490,40491,
48,10,10,,10,40344,40344,40344,
49,10,,,,40469,,,
50,,7,10,7,40472,40490,,
51,10,10,9,9,40281,40427,,
52,10,10,10,10,40302,40310,40317,40324
53,9,8,,,40423,40439,40457,40476
54,10,10,10,10,40310,40310,40312,40317
55,9,,,,40293,40336,40336,
56,10,,,,40465,40482,,
57,,,10,,40329,,,
58,9,10,10,,40319,40328,,
59,10,10,10,10,40293,40321,40324,40330
60,10,10,9,,40287,40308,40323,40330
61,,,9,,40546,40546,40546,40546
62,10,10,10,10,40296,40305,40322,40465
63,10,,,,40469,40485,,
64,10,,10,,40237,40254,40487,
65,10,9,10,10,40424,40424,40425,40429
66,10,,,,40072,40094,40203,40421
67,2,9,10,9,40473,40473,40473,
68,9,8,8,10,40268,40277,40307,40319
69,10,8,8,9,40284,40284,40267,40273
70,10,10,,,40316,40324,40330,40345
71,10,,,9,40323,40323,40323,40323
72,9,10,7,8,40296,40296,40297,40300
73,10,10,6,10,40302,40326,40330,
74,7,,,,40319,40326,40329,
75,10,10,10,10,40274,40317,40329,
76,10,,,,40457,40458,40462,40464
77,10,10,10,9,40332,40332,40476,
78,10,9,,10,40336,40459,,
79,10,9,10,10,40300,40318,40326,40330
80,10,9,10,9,40282,40289,40305,40322
81,10,10,10,,40293,40301,40315,40330
82,10,,10,10,40316,40318,40326,40337
83,10,10,10,10,40324,40480,,
84,9,8,10,,40313,40330,40379,40595
85,10,10,10,9,40219,40245,40262,
86,8,,,,40442,40451,40588,
87,9,9,,10,40285,40301,40310,40318
88,10,8,10,,40393,40393,40393,
89,,,,,40330,,,
90,10,6,9,10,40426,40447,40463,
91,10,6,9,10,40436,40449,40462,
92,10,10,,10,40486,40486,40486,40486
93,10,6,9,10,40441,40455,40465,40595
94,10,,9,,40312,40329,40331,40456
95,10,10,,,40274,40281,40296,40319
96,8,9,7,,40301,40327,40369,
97,9,8,7,,40314,40326,40329,40546
98,10,10,10,,40324,40456,,
99,10,,10,10,40309,40314,40317,40323
100,,,10,10,40314,40314,40323,40330
101,10,10,10,9,40322,40325,40328,40330
102,10,9,10,9,40436,40459,40467,40477
103,8,,9,9,40147,40147,,
104,9,9,9,9,40556,40556,40556,40556
105,,9,8,,40324,40345,40462,
106,10,,,,40317,40317,40317,40319
107,,,,,40325,,,
108,10,,10,,40299,40325,40330,40468
109,10,8,9,9,40296,40287,40329,
110,10,10,10,9,40330,40463,40550,
111,10,,,10,40238,40320,40435,
112,10,10,,,40315,40325,40392,40455
113,,8,9,,40316,40329,,
114,10,10,10,10,40270,40366,,
115,,,10,9,40315,40330,,
116,10,,,,40331,,,
117,10,10,10,,40461,,,
118,10,10,10,10,40330,40454,40464,
119,7,,,,40310,40329,40331,40440
120,9,,,,40329,,,
121,8,9,10,,40441,40458,,
122,10,9,10,10,40429,40442,,
123,10,10,9,10,40328,40336,40373,40464
124,10,10,,10,40304,40326,40459,
125,10,,,,40447,40452,,
126,10,,,,40407,40420,,
127,,,,10,40325,40469,,
128,10,10,10,10,40323,40442,,
129,10,,10,10,40409,40413,40433,
130,9,10,10,8,40329,40336,40435,
131,10,,,,40326,40338,,
132,,9,,,40337,,,
133,10,10,10,9,40309,40329,40424,
134,9,10,10,10,40327,40360,40454,
135,,,,,40330,40338,40338,
136,10,,,,40472,,,
137,8,8,,8,40438,,,
138,10,10,10,10,40330,40309,40318,40323
139,9,,,,40429,40435,,
140,,4,10,,40337,,,
141,9,10,10,10,40451,40557,,
142,10,8,6,8,40302,40316,40330,40465
143,10,8,10,,40371,40496,,
144,9,10,10,10,40331,40450,,
145,10,10,,,40309,40324,,
146,,,,,40330,40500,,
147,10,9,10,9,40223,40230,40240,40263
148,,,,,40452,,,
149,10,10,10,10,40318,40312,40329,
150,10,10,10,9,40280,40294,40318,40330
151,5,9,9,10,40308,40318,40327,40330
152,10,,10,,40461,40490,40497,
153,,,,,40237,40322,40439,
154,10,10,10,10,40462,,,
155,10,10,10,10,40322,40331,,
156,10,10,,,40323,40330,40424,
157,,9,9,10,40304,40316,40323,40337
158,10,10,,,40316,,,
159,10,10,9,,40327,40330,40450,
160,10,10,10,10,40303,40324,40329,40441
161,10,,,,40337,,,
162,10,,,,40459,,,
163,10,10,,9,40430,40449,40456,
164,8,,,8,40422,40452,,
165,,10,9,7,40328,40339,40485,
166,10,,10,10,40423,40450,,
167,9,9,9,9,40315,40326,40329,40431
168,10,,,,40413,,,
169,10,9,10,10,40422,40445,40457,
170,10,,,,40126,40170,40184,
171,10,10,10,10,40324,40331,40428,40462
172,9,9,,10,40333,40333,40333,40333
173,10,10,10,10,40291,40311,40330,
174,10,,,,40440,40454,,
175,9,9,9,,40459,40549,,
176,10,,,,40298,,,
177,9,,,,40478,40485,40501,
178,10,,,,40420,40433,40569,
179,10,,,,40325,,,
180,10,,10,,40296,40318,40330,
181,9,,,,40465,40465,,
182,,,,,40333,40336,,
183,10,,10,9,40327,40520,,
184,10,10,,,40325,,,
185,10,,,,40491,,,
186,10,10,10,10,40260,40329,40359,
187,,,,9,40450,40459,,
188,10,10,10,,40437,40449,,
189,10,10,10,,40313,40327,40330,
190,10,9,,,40436,40437,40442,40450
191,10,9,,,40442,40455,40563,
192,10,10,10,10,40288,40268,40270,
193,,,,,40329,,,
194,,,10,,40309,40330,40450,
195,10,,,,40546,40546,40546,40546
196,10,,,10,40439,40465,,
197,10,,,,40281,40287,,
198,10,,,,40310,40315,40322,40330
199,10,10,10,10,40324,40463,,
200,10,10,,,40453,40455,40461,40465
201,10,10,9,10,40324,40326,40330,
202,10,10,10,10,40336,,,
203,10,10,10,10,40263,40269,40307,40394
204,9,10,9,8,40309,40319,40326,40336
205,9,,,,40317,,,
206,10,10,10,10,40222,40237,40329,
207,10,10,10,8,40329,40407,,
208,9,,,,40304,40298,40305,40314
209,9,7,,,40321,40329,40331,
210,9,,,,40310,40325,40329,
211,10,10,10,10,40330,,,
212,10,9,,,40467,,,
213,10,,10,,40448,40452,,
214,,,,,40450,40461,,
215,10,,,,40326,40333,40338,40387
216,10,9,,10,40324,40327,40331,40337
217,,,,,40436,40445,40447,40449
218,10,,,9,40318,40326,40457,
219,9,10,10,7,40318,40461,,
220,10,8,,,,,,
221,,,,,40445,40457,40462,40469
222,,,,,40448,,,
223,10,,,,40451,40464,40470,
224,9,,,,40554,40554,,
225,10,10,10,,40526,40526,40526,
226,9,,,,40449,40463,40466,40582
227,10,10,10,10,40312,40452,,
228,,,,,40520,40520,40520,40520
229,10,,,10,40498,40500,40504,
230,10,10,10,10,40319,40328,40429,
231,10,10,10,10,40295,40303,40312,40324
232,10,,,,40492,40501,40513,
233,10,,10,,40332,40324,40332,40331
234,7,,,,40325,40325,40318,40416
235,10,10,10,10,40309,40325,40331,
236,10,10,10,10,40281,40316,40323,40325
237,10,,,,40302,40318,40371,
238,9,9,10,10,40312,40312,40322,40325
239,10,,,,40325,40336,40582,
240,10,,,,40343,40345,40474,
241,9,,10,10,40274,40297,,
242,10,,9,,40320,40330,,
243,10,,10,,40312,40319,40329,
244,,8,10,,40324,40330,,
245,10,10,8,10,40417,40452,,
246,,,10,,40467,40480,40584,
247,10,,,,40476,40490,,
248,9,9,9,,40311,40337,40452,
249,10,10,10,10,40289,40319,40330,
250,10,10,10,10,40298,40319,40326,40335
251,10,,,,40357,40374,40443,
252,10,10,10,10,40319,40328,,
253,8,9,4,9,40292,40318,40325,
254,10,10,10,10,40282,40295,40322,40337
255,,,,,40311,40329,,
256,6,,7,,40309,40311,40312,40397
257,10,,,,40319,,,
258,10,10,10,,40303,40303,40305,40327
259,6,8,9,9,40287,40301,40326,40413
260,10,9,10,10,40309,40327,40449,
261,10,10,9,10,40307,40328,40342,40442
262,10,7,,8,40322,40330,,
263,10,10,10,10,40322,40322,40322,40322
264,10,,,,40467,40557,,
265,,,8,,40502,,,
266,10,,,,40456,40464,40466,
267,10,8,10,10,40448,40472,40472,
268,9,,,,40246,40287,,
269,10,,,,40272,40286,40289,40291
270,10,,10,,40470,40471,,
271,10,10,9,9,40291,40295,40308,40319
272,,,,,40525,40525,40525,40529
273,,,,,40450,40455,,
274,10,,,,40333,40337,40434,
275,10,,,,40318,40330,40545,
276,10,,9,,40330,,,
277,9,,,,40340,,,
278,8,,9,,40293,40321,,
279,10,,,,40338,40338,,
280,9,8,,,40288,40295,40313,40332
281,10,,,,40247,40266,40283,
282,10,,,,40326,40451,,
283,10,,,,40297,40386,,
284,10,,,,40450,,,
285,10,,,,40481,,,
286,,,,,40484,,,
287,10,10,,10,40319,40329,,
288,10,10,,,40458,40463,40472,40555
289,9,9,9,8,40585,40585,40585,
290,10,10,,,40465,40483,,
291,10,9,,,40315,40420,,
292,10,,,,40324,40331,40461,
293,,10,,10,40322,40424,,
294,10,,,,40329,40464,,
295,10,,10,,40293,40301,40332,
296,10,10,10,10,40316,40325,40330,40455
297,,10,9,10,40323,,,
298,9,8,8,7,40469,40476,,
299,9,9,10,,40396,40472,,
300,8,,,,40324,,,
301,,,9,9,40556,,,
302,9,,,,39973,40070,40085,40459
303,9,,,,40330,40464,,
304,10,10,10,10,40357,,,
305,9,,,,40336,40339,40359,
306,,,,,40470,,,
307,9,,,,40527,40529,,
308,8,,,,40476,40478,40482,
309,10,8,,,40512,,,
310,10,10,10,10,40280,40308,40324,40329
311,,7,10,10,40244,40330,40452,
312,10,,10,10,40446,40450,40459,40461
313,10,9,10,10,40348,40426,40434,40438
314,10,10,10,9,40351,40470,40581,
315,,,,,40445,,,
316,10,,8,,40301,40309,40443,
317,9,9,10,,40317,40323,,
318,10,10,10,10,40303,40303,40307,40314
319,10,,,,40281,40333,,
320,10,,,,40289,40291,40294,
321,9,10,9,9,40562,40562,40562,40562
322,10,10,9,10,40422,40422,40422,40422
323,10,,,,40506,40506,40506,
324,,,10,,40312,40319,40330,40460
325,,,10,,40437,40437,40437,40466
326,,,10,,40437,40437,40446,40466
327,,,10,,40437,40437,40437,40504
328,10,10,9,10,40281,40291,40295,40317
329,10,10,9,,40263,40291,40301,40322
330,10,10,,10,40329,40331,40333,40336
331,10,10,10,,40330,40336,40441,40540
332,10,10,10,10,40263,40316,40448,40473
333,4,,,,40462,40470,40477,40483
334,10,10,10,10,40303,40312,40329,40469
335,9,,,10,40309,40322,40332,
336,10,,9,,40288,40323,40329,
337,10,10,10,10,40300,40329,40476,
338,10,,,,40297,40314,40325,
339,,,,,40491,40497,40504,40563
340,9,10,9,8,40463,40463,40463,40463
341,10,10,10,10,40304,40311,40328,40342
342,10,9,9,10,40303,40304,40324,40331
343,10,10,10,,40442,40459,,
344,10,,10,,40218,,,
345,,9,9,,40504,40510,40515,40520
346,10,,,,40463,40471,40478,40480
347,10,9,10,10,40303,40330,,
348,10,10,9,10,40309,40436,40467,
349,9,8,10,9,40340,40446,40451,40624
350,10,,,,40500,40505,40513,40563
351,10,10,10,10,40315,40322,40329,40445
352,10,,,,40305,40305,40471,
353,10,,10,,40296,40326,40452,
354,10,,,,40437,40470,40480,
355,9,8,8,9,40307,40325,40329,40437
356,,,10,10,40322,40326,40330,40454
357,10,10,,10,40310,40325,40332,
358,9,9,,,40315,40329,40337,
359,10,10,10,9,40260,40263,40276,
360,10,10,10,9,40292,40292,40292,40290
361,10,10,,10,40291,40298,40444,
362,10,,8,,40283,40284,40290,40293
363,10,,,,40287,40287,40297,
364,10,,10,,40464,,,
365,10,10,10,10,40333,40447,40461,
366,8,8,,8,40488,,,
367,,,,10,40325,40330,,
368,10,,,,40304,40312,,
369,10,10,,,40435,40452,,
370,10,,10,,40460,,,
371,9,,9,,40308,40324,40329,
372,10,10,10,10,40304,40323,40431,40487
373,10,,10,,40242,40249,40314,40445
374,8,8,,,40325,40483,,
375,,10,10,10,40308,40322,40330,40430
376,,9,9,8,40326,,,
377,4,,,,40245,,,
378,,9,10,10,40304,40327,,
379,,,9,9,40317,40322,40323,40400
380,10,,,,40336,40309,40328,
381,10,9,10,9,40318,,,
382,9,10,10,10,40407,40420,40436,40451
383,10,10,10,10,40330,40336,40338,
384,,,,,40491,,,
385,9,10,10,,40327,40330,,
386,8,,,,40302,40312,40368,
387,9,9,8,10,40226,40311,40227,40228
388,,,10,,40256,40269,40280,40319
389,10,10,5,,40312,40321,40325,40330
390,9,,,,40451,40455,40461,40578
391,,,,,40322,,,
392,10,,,,40324,40425,,
393,,10,10,8,40506,40514,40519,40523
394,7,9,8,9,40455,,,
395,10,10,10,10,40319,40326,40330,
396,9,9,10,10,40325,40330,40444,40471
397,5,,,,40311,40330,,
398,,,,,40277,40288,,
399,10,10,10,10,40318,40328,40448,40477
400,10,,10,,40301,40311,40324,40330
401,,,10,9,40459,40459,40459,40459
402,,10,,9,40308,40315,40317,40322
403,8,10,10,,40453,40465,40470,40476
404,,10,10,10,40338,40474,,
405,10,9,9,9,40417,40426,40445,40463
406,10,8,8,9,40315,40318,40330,40421
407,,,,,40326,,,
408,7,,,,40234,40263,40576,
409,9,9,,10,40483,,,
410,10,10,10,10,40288,40333,40451,
411,10,10,10,10,40323,40326,40330,
412,9,,9,10,40263,40429,40461,
413,,9,,,40322,40331,,
414,8,8,,,40240,40244,40330,40445
415,8,8,,,40424,40429,40444,
416,10,,,,40294,40305,40329,
417,9,,,10,40330,40336,40464,
418,10,,,,40448,40451,40457,
419,,,,,40251,40310,,
420,10,,,,40323,40329,,
421,10,10,10,9,40325,40329,40330,40336
422,9,,,,40451,,,
423,,7,,,40457,,,
424,10,10,10,10,40320,40325,40330,
425,,9,6,,40323,40337,40442,40454
426,8,,,,40318,40327,,
427,10,,,,40451,40464,,
428,10,10,,10,40548,40548,40548,40571
429,,,9,,40277,40299,40329,40449
430,8,,10,,40294,40295,40296,40322
431,9,,7,,40277,40329,,
432,9,10,10,9,40342,40342,40311,40327
433,10,,,,40438,,,
434,,,,,40456,40458,40461,40462
435,8,,,,40336,40337,,
436,10,10,10,10,40326,40329,40330,40351
437,,,,,40490,,,
438,9,,,,40474,40497,40497,
439,8,,,,40567,40575,40575,40668
440,9,10,,8,40314,40319,40323,40325
441,8,,10,,40119,40280,,
442,,,,,40318,40473,,
443,10,,,,40479,40497,,
444,10,,,,40457,40471,40487,
445,10,10,9,10,40304,40318,40324,40325
446,10,,,,40451,40452,40456,40457
447,10,10,8,9,40504,40511,40512,40518
448,10,,10,10,40328,40339,40473,
449,,,,,40333,40428,40459,
450,9,10,7,9,40328,40451,40624,
451,10,10,,,40337,,,
452,10,10,10,10,40446,40450,40455,40462
453,10,,,,40408,40410,40416,40419
454,9,,9,9,40314,40326,40330,40462
455,10,10,10,10,40324,40438,40483,
456,9,9,9,9,40329,40418,40439,40456
457,10,,,10,40321,40329,40337,
458,10,10,10,9,40361,40452,40592,
459,10,9,,,40317,40329,40330,
460,10,10,8,8,40317,40323,40326,40330
461,9,9,10,9,40324,40330,40378,
462,10,10,10,9,40288,40288,40288,40289
463,10,10,10,10,40316,40515,,
464,,,,,40319,40324,40470,
465,10,10,,9,40451,,,
466,,,,10,40479,,,
467,10,,,,40441,40469,,
468,9,10,9,9,40311,40328,40436,40456
469,,,9,,40325,40455,40460,
470,8,,,,40308,40317,,
471,,,,,40350,40442,,
472,10,,,,40296,40301,,
473,10,9,10,10,40326,40448,40584,
474,10,10,10,10,40479,,,
475,8,,10,8,40289,40304,40327,
476,9,10,8,,40304,40329,,
477,9,10,,,40331,,,
478,10,9,,,40329,,,
479,10,,10,,40270,,,
480,10,6,,,40451,40483,,
481,8,,,,40456,40468,,
482,10,10,10,10,40318,40326,40330,40343
483,,,8,10,40287,40329,40441,40497
484,9,10,,,40305,40309,40325,
485,,10,10,10,40321,40330,40449,
486,10,10,10,10,40301,40326,40343,
487,10,,,,40225,40239,,
488,8,,8,8,40316,40319,40325,40330
489,,10,8,6,40441,40441,40441,
490,10,10,10,,40325,40330,40331,
491,9,9,,9,40443,40465,40478,
492,9,,8,10,40310,40326,40451,
493,10,,,,40478,40478,,
494,8,,,,40574,40574,40574,40596
495,10,9,,,40434,40457,,
496,10,,10,,40317,40397,,
497,10,10,,,40310,,,
498,10,10,9,9,40324,40497,,
499,9,10,8,10,40333,40477,40504,
500,8,,,,40324,40330,40331,40438
501,10,8,,,40328,40337,,
502,,10,,,40329,40452,40581,
503,8,8,8,7,40453,40459,40468,
504,,,,,40311,40314,,
505,6,,,,40474,40484,40490,
506,10,10,10,10,40437,40473,,
507,10,10,10,,40322,40331,40337,
508,9,,9,,40234,40303,,
509,10,9,,10,40325,40330,40336,
510,10,,10,,40319,40324,40330,40449
511,10,,,,40311,40477,,
512,10,10,,9,40325,40330,40576,
513,7,,8,,40315,40329,40330,
514,,10,10,10,40457,40480,,
515,10,10,7,10,40316,40323,40327,40338
516,10,10,,10,40422,40430,40431,40431
517,8,,,,40448,40457,,
518,10,9,,10,40492,40494,40496,40497
519,6,9,,9,40329,40490,,
520,,10,10,,40259,40277,40291,40296
521,,,,,40295,40613,,
522,9,9,,,40332,40469,,
523,10,10,10,10,40320,40329,40330,
524,,,,,40327,40339,,
525,8,,,,40263,,,
526,10,10,,,40344,40457,,
527,10,,10,10,40323,40330,,
528,,,,,40306,40330,,
529,10,10,10,10,40393,40476,,
530,10,10,,,40445,,,
531,10,10,,,40316,40328,40330,40456
532,10,10,10,10,40345,40453,,
533,10,10,,,40438,40439,40452,
534,10,,8,,40329,40340,40340,40340
535,7,7,8,,40443,40458,40460,
536,,,,,40333,40451,,
537,10,10,,,40325,40475,,
538,10,10,10,10,40325,40331,40453,40466
539,9,,,10,40312,40322,,
540,10,,10,,40323,40469,,
541,10,,,,40322,40325,40330,40338
542,,9,,,40325,40342,40458,40512
543,10,,,,40315,,,
544,,10,,,40454,,,
545,8,10,10,8,40437,40437,40437,40437
546,10,10,10,,40499,40499,40529,
547,9,10,10,10,40325,40330,40463,
548,,10,8,6,40326,40335,40337,
549,9,,,,40442,40450,40451,
550,,10,,,40330,40331,40333,
551,,,10,10,40336,40596,,
552,8,9,,10,40331,40334,40338,40429
553,10,,10,,40312,40328,,
554,10,10,9,10,40265,40276,40301,40317
555,8,,,,40457,40571,,
556,,,,,40326,40338,,
557,10,,8,8,40480,,,
558,,,,,40476,,,
559,10,10,10,9,40454,40459,40464,40470
560,,8,,,40372,40465,,
561,10,10,9,9,40447,40455,40458,40466
562,,,,,40452,,,
563,10,,,9,40228,40237,40245,
564,,9,8,8,40331,40336,40447,40457
565,8,,,,40422,40445,40451,40626
566,10,,,,40478,40483,40485,40489
567,8,,,,40273,40296,40309,40311
568,9,,,,40501,40512,40521,40633
569,10,10,,10,40562,40562,40564,40578
570,,,10,,40533,40533,40533,40533
571,9,10,10,10,40319,40329,40449,40464
572,10,9,8,9,40447,40461,40469,40471
573,10,9,9,,40463,40466,,
574,9,10,7,10,40312,40317,40322,40327
575,6,,,,40495,40500,40502,40505
576,10,,,,40450,40611,,
577,10,10,8,,40454,40459,40463,40466
578,,,,,40480,,,
579,,,,10,40441,40449,40462,40464
580,10,,10,,40472,40518,,
581,,,,,40343,40345,40353,
582,9,,10,10,40238,40270,40308,40326
583,8,,,,40528,40528,40528,
584,9,10,10,10,40287,40326,40415,
585,10,10,10,,40428,40428,40428,
586,9,9,10,,40325,40327,40331,
587,10,,,,40324,40451,,
588,8,10,9,10,40282,40321,40329,40403
589,10,10,10,10,40288,40289,40295,40298
590,10,8,10,10,40321,40325,40330,40351
591,9,9,8,10,40331,40462,40466,
592,10,8,10,,40259,40325,40445,40462
593,,9,,,40335,40467,,
594,,9,9,9,40318,40323,40326,40330
595,9,10,,,40464,40473,,
596,,,,,40333,40336,40490,
597,,10,10,10,40494,40502,40512,40512
598,10,10,10,10,40314,40322,40327,40330
599,,8,9,,40437,,,
600,10,10,9,10,40318,40319,40326,40437
601,10,,,,40495,,,
602,10,10,10,10,40273,40312,40329,40336
603,7,10,,,40318,40329,40331,40444
604,,,10,10,40321,40330,40477,40567
605,9,9,10,10,40332,40340,40344,40347
606,9,,9,,40326,40335,,
607,10,10,,10,40444,,,
608,10,,8,,40322,40327,40330,40438
609,10,10,10,10,40294,40335,,
610,10,10,10,10,40211,40270,40276,
611,10,10,7,9,40328,40332,,
612,10,,10,,40305,40329,40441,
613,,,8,,40515,40522,40522,40522
614,,,,9,40373,40378,40382,40406
615,,10,10,10,40337,40341,40350,40451
616,5,,,1,40341,40442,,
617,9,10,8,,40319,40328,40367,40479
618,10,10,10,10,40267,40323,40462,
619,,10,10,10,40324,40413,,
620,9,9,9,10,40457,40463,40469,
621,,10,10,10,40326,40333,40375,40457
622,,10,,10,40333,,,
623,10,10,9,9,40449,40455,40458,40464
624,9,,,,40296,40338,,
625,10,7,10,10,40281,40300,40321,40414
626,,10,9,10,40326,40517,,
627,,9,9,,40331,40458,40553,
628,,10,10,10,40330,40330,40458,
629,10,,10,,40289,40345,40466,
630,9,,9,,40325,40326,40329,
631,,9,,10,40338,,,
632,,,,,40318,40318,40326,
633,,9,8,8,40267,40309,40329,40350
634,9,10,9,10,40316,40451,,
635,10,,,,40455,40624,,
636,10,,10,,40091,40108,40264,
637,9,9,9,8,40322,40330,40460,
638,10,10,,10,40289,40309,40322,40329
639,9,9,10,10,40325,40344,40564,
640,10,,,,40303,40329,40602,
641,,,,,40338,40492,40625,
642,,,,,40298,40624,,
643,9,9,,9,40466,40468,40469,40472
644,10,,,,40478,,,
645,9,10,,9,40308,40330,,
646,10,10,10,10,40283,40323,40329,40590
647,10,10,10,,40325,40331,,
648,10,8,10,10,40451,40451,40451,40471
649,,,,,40315,40324,40329,40460
650,10,9,,,40331,40366,,
651,,,,,40338,40339,,
652,10,10,10,,40406,40481,,
653,,,9,10,40585,40585,40585,40585
654,,10,,,40305,40320,40325,40331
655,9,10,9,,40403,40403,40403,40403
656,8,,,,40268,40322,,
657,10,,8,10,40453,40463,40469,
658,10,,,,40493,40522,,
659,9,9,,10,40332,40332,40332,
660,,,,,40465,40465,40465,40465
661,8,10,9,10,40456,40533,,
662,,,,,40466,,,
663,,10,9,7,40473,,,
664,10,,,,40490,,,
665,10,10,10,9,40312,40323,40329,40465
666,,,,9,40315,40326,40420,
667,,,10,,40323,40336,40477,
668,8,8,9,7,40491,40491,40491,40491
669,8,8,9,9,40310,40323,40337,
670,,9,,,40342,40353,40424,40445
671,,,,,40326,40326,40326,40326
672,10,8,9,,40329,40332,40337,
673,9,8,,,40277,40282,40284,40303
674,,,,,40485,40491,40497,40500
675,,10,,10,40316,40318,40324,40330
676,,10,10,,40432,40435,40456,
677,10,9,9,9,40476,40476,40476,
678,10,9,9,9,40463,40463,40463,40463
679,,10,10,10,40590,40590,40590,40590
680,,10,,10,40451,40463,40466,40478
681,9,8,10,9,40360,40424,40436,
682,10,10,10,10,40328,40608,,
683,8,9,,10,40310,40316,40321,40325
684,10,,,10,40288,40294,40361,
685,,,10,,40556,40556,,
686,10,7,9,10,40504,,,
687,8,8,9,10,40319,40419,40437,40645
688,2,9,10,9,40550,40550,40550,40550
689,,7,,7,40338,40350,40470,40596
690,,,,,40526,40526,40526,40526
691,9,10,9,10,40344,40443,40479,
692,,9,10,10,40249,40275,40303,40323
693,10,10,10,10,40301,40329,40330,40466
694,,10,10,10,40301,40301,40303,
695,9,,,,40462,40483,,
696,9,9,,,40405,40479,,
697,9,10,,,40311,40317,40323,40327
698,8,10,,,40308,40316,40329,40336
699,,10,10,,40298,40307,40316,40324
700,9,,,,40451,40465,40477,
701,8,10,10,,40451,40459,40476,40490
702,10,10,10,4,40483,40494,,
703,,,,,40451,40453,40484,
704,8,9,9,8,40433,,,
705,,,,,40283,40450,,
706,10,10,,10,40307,40326,40330,40333
707,8,,,9,40304,40319,40325,40331
708,10,10,10,10,40317,40323,40329,40520
709,10,10,10,8,40436,40442,,
710,,10,10,10,40318,40323,40330,40479
711,,10,9,10,40314,40330,40434,40457
712,,10,10,10,40322,40330,,
713,,6,10,10,40302,40317,40323,40330
714,,10,8,10,40309,40321,40325,40331
715,9,,,,40151,40169,,
716,10,10,10,10,40325,40330,40330,40337
717,9,9,8,9,40303,40307,40326,40437
718,9,8,10,9,40303,40323,40326,40330
719,,10,10,,40336,40356,40457,40623
720,10,,10,,40094,40252,40280,
721,10,10,7,,40548,40548,40548,40549
722,,10,6,7,40492,40496,40501,40513
723,3,,,,40505,40514,40520,40521
724,,,,,40482,40493,40499,
725,10,,,,40228,40454,,
726,9,10,7,5,40291,40295,40310,
727,,,,,40254,40254,40254,
728,10,,10,10,40323,40329,40337,40490
729,,10,10,10,40325,40329,40331,40518
730,,,,,40338,40451,,
731,,9,9,10,40515,40515,40533,
732,8,,,9,40484,40493,,
733,9,10,8,8,40308,40308,40301,40309
734,10,10,9,9,40423,,,
735,10,10,10,9,40323,40329,40421,
736,,,8,10,40316,40353,40574,
737,9,,,,40487,40498,40511,40511
738,10,,,,40277,40292,40317,
739,10,10,2,,40324,40330,,
740,8,,,,40289,40316,,
741,9,,10,,40328,40445,40456,40477
742,9,,10,,40465,,,
743,,,5,8,40425,40441,40448,40457
744,,10,10,9,40329,40330,40457,
745,10,9,10,9,40323,40330,40337,
746,10,,10,,40294,40328,40414,
747,,,10,9,40322,40330,40459,40488
748,,10,,10,40450,,,
749,9,10,,,40324,,,
750,9,,,8,40294,,,
751,8,8,9,7,40331,,,
752,10,,10,,40322,40455,,
753,,,,,40323,,,
754,10,,10,10,40325,,,
755,10,,,9,40293,40437,40447,40606
756,,,,,40472,,,
757,,10,9,9,40246,40312,40434,40436
758,9,9,10,10,40323,40329,40448,
759,9,10,9,10,40303,40316,40316,40316
760,7,,,,40309,40323,,
761,10,,,,40455,40513,,
762,10,10,10,9,40330,40429,40474,40567
763,10,10,10,10,40271,40308,40329,40448
764,,,10,9,40325,40330,,
765,10,,,,40453,,,
766,10,8,8,10,40289,40290,40295,40296
767,8,9,9,8,40336,40465,,
768,,,10,,40473,40484,,
769,10,10,10,10,40331,40331,,
770,,,,,40472,40482,,
771,8,,,,40325,,,
772,,,,10,40299,40313,40324,40452
773,,,9,,40533,40554,,
774,10,,8,8,40336,40345,40469,
775,,,,,40297,,,
776,,,8,,40296,40316,40330,
777,10,,,,40319,40329,,
778,10,10,10,10,40287,40302,40318,40325
779,,,,,40333,40469,,
780,8,9,9,10,40283,40289,40324,40441
781,8,10,10,,40332,,,
782,9,,,,40458,40463,40465,
783,10,,,,40453,40463,40476,
784,10,10,9,,40295,40316,40327,40481
785,,,,,40337,40340,40476,
786,,10,,9,40366,40467,40527,
787,10,,9,8,40473,40497,,
788,9,,8,,40329,40479,,
789,9,9,,,40549,40564,,
790,10,10,10,10,40330,40458,,
791,8,8,,,40148,40324,,
792,9,,,,40184,40184,40190,40190
793,7,7,,,40458,40466,,
794,8,,,,40463,40554,,
795,,10,,,40331,40644,,
796,,,,,40480,40497,40505,
797,9,,,,40333,,,
798,10,10,,10,40321,40326,40333,40333
799,10,,,,40326,40330,,
800,10,,,9,40326,40329,40338,
801,10,,,7,40296,40309,,
802,7,,,,40330,,,
803,,,10,,40440,40511,,
804,,7,,9,40441,40477,,
805,8,9,9,10,40442,40448,40459,
806,,,,,40445,40463,40474,40481
807,8,,,,40471,40486,,
808,10,,10,,40275,40331,40528,
809,9,,,,40316,40329,,
810,8,9,,,40511,40530,40609,
811,,9,,9,40448,40466,40480,40619
812,,9,,9,40442,40451,40469,40603
813,10,10,10,10,40328,40336,,
814,,10,,,40435,40451,40471,40476
815,10,,,,40465,40477,40481,
816,,10,,10,40469,40611,,
817,9,,,,40319,40325,,
818,9,,10,,40465,,,
819,10,10,,,40316,40330,,
820,10,10,,,40322,40433,40458,
821,10,10,,,40402,40430,,
822,9,,8,9,40451,,,
823,9,9,,8,40301,40329,40453,
824,,10,,,40455,40463,,
825,10,,,,40454,40473,,
826,10,,10,9,40449,40449,40449,40450
827,,,,,40484,40491,,
828,10,10,,,40323,40329,40442,40476
829,8,,,,40428,40463,,
830,,,9,,40297,40312,,
831,,,7,,40216,40227,40234,40238
832,,,,,40458,,,
833,9,,,,40338,40441,,
834,,,,10,40321,40326,40338,40449
835,10,10,10,10,40305,40318,40325,40330
836,10,10,10,,40441,40443,40447,40455
837,10,,,,40455,40469,40472,
838,,,10,,40317,40456,40505,
839,,,,,40325,40328,,
840,,,,10,40345,40330,40330,
841,,,,,40441,40443,40445,40448
842,8,,8,,40317,40332,,
843,10,,,,40317,40325,40329,40452
844,10,10,10,10,40319,40331,40336,40371
845,9,,,,40302,40315,40318,40331
846,,8,,10,40468,40484,40501,
847,10,,10,,40311,40329,40330,
848,,,,9,40431,40448,40457,
849,10,,,,40262,40274,40277,40283
850,10,8,10,8,40317,40325,40330,40496
851,9,,,10,40311,40322,40326,40596
852,,,,10,40270,40321,,
853,10,7,10,10,40283,40327,40336,40339
854,9,,8,,40086,40106,40118,
855,9,9,8,9,40326,40330,40438,40456
856,10,,5,10,40437,40452,40464,
857,6,,,,40462,40474,40478,40485
858,10,10,10,10,40232,40241,40327,40455
859,10,9,,10,40289,40289,40290,40291
860,10,,10,,40340,40340,40340,40329
861,,10,10,10,40324,40329,40336,40472
862,10,9,9,,40334,40337,,
863,10,10,10,10,40330,,,
864,10,,,,40499,40501,,
865,9,10,10,10,40283,40288,40296,
866,8,,,10,40270,40325,40333,
867,10,10,10,10,40479,40479,40479,40479
868,8,,,,40482,40483,40486,40490
869,10,9,10,,40323,40330,40337,
870,10,10,8,7,40436,40446,40451,40464
871,10,9,,,40327,40439,,
872,10,,,,40318,40648,,
873,,,,,40333,,,
874,10,,,,40241,40257,40267,
875,10,,,,40318,40326,40331,40519
876,9,9,,,40330,40476,,
877,8,7,8,7,40334,40338,40464,
878,9,,,,40314,40320,,
879,8,8,,,40335,40340,40461,
880,8,,,,40336,40471,,
881,10,,,,40226,40316,40243,
882,10,,,,40330,,,
883,7,,,,40326,40333,,
884,,10,,,40324,40609,,
885,9,10,10,10,40451,40480,40483,
886,9,10,10,,40429,40429,40430,40430
887,10,,,,40452,40465,,
888,,8,,,40485,40490,40495,40496
889,,,,,40497,40616,,
890,10,10,,,40574,40574,,
891,9,9,9,10,40449,40468,40477,40482
892,10,10,10,10,40311,40312,40333,40473
893,10,9,9,10,40455,40468,40478,
894,10,7,8,10,40318,40326,40469,40562
895,10,10,10,10,40448,40451,40463,
896,10,10,10,10,40328,40331,40473,
897,9,10,9,,40270,40328,,
898,10,10,10,10,40325,40330,40338,
899,10,10,10,9,40291,40326,40330,
900,,10,10,10,40325,40325,40324,40329
901,10,,9,10,40297,40298,,
902,10,,,,40473,40511,,
903,8,,,,40554,40554,40554,
904,10,10,,8,40191,40288,40298,
905,10,10,,10,40525,40526,40528,40567
906,,,10,,40480,40623,,
907,,,10,,40606,40606,40606,
908,10,10,9,8,40470,,,
909,,,10,9,40319,40323,40325,40327
910,8,,9,,40389,40658,,
911,10,9,10,8,40295,40316,40323,40326
912,10,10,10,10,40233,40274,40416,
913,9,10,6,8,40315,40336,40606,
914,10,9,,10,40441,,,
915,,,,,40283,40407,,
916,10,,10,,40465,,,
917,10,,,,40451,40459,40620,
918,10,9,9,9,40329,40364,40441,40457
919,,9,9,,40330,40440,40476,40480
920,10,9,,,40469,,,
921,10,10,10,10,40315,40326,40330,40365
922,10,8,10,10,40308,40323,40463,
923,10,,5,,40283,,,
924,10,10,10,10,40296,,,
925,10,,,,40333,40625,,
926,9,,,,40458,40466,40484,
927,10,,,,40296,,,
928,9,,,,40333,,,
929,,,10,,40329,40367,40424,40430
930,10,,,,40489,,,
931,,,10,,40322,40330,40331,40331
932,10,,,,40479,,,
933,10,,,,40442,40442,40448,40456
934,,,,8,40455,40464,40490,40618
935,10,10,10,,40498,40498,,
936,9,,,,40455,40476,40483,40568
937,,,,9,40585,40585,40585,40585
938,10,,9,10,40326,40329,40330,40336
939,10,6,9,10,40468,40477,40486,
940,10,9,9,9,40556,40556,,
941,,,,,40501,40618,,
942,,10,10,10,40577,40577,40577,40577
943,9,,,,40425,40476,40483,
944,10,,,,40437,40444,40459,40469
945,10,10,9,10,40423,40433,40454,
946,10,10,10,10,40592,40592,40592,
947,10,10,10,10,40331,40337,40342,40344
948,10,10,,,40315,40329,40428,40450
949,,10,10,10,40443,40471,40480,40512
950,,10,,,40299,40329,40331,40449
951,9,9,9,8,40326,40330,40337,40464
952,9,10,,9,40312,40312,40323,
953,10,10,10,10,40309,40310,40498,
954,9,9,9,,40322,40325,40400,40434
955,9,,,,40638,,,
956,9,8,8,,40444,40457,40463,40469
957,9,8,10,10,40280,40280,40280,40280
958,10,9,9,,40297,40318,40328,40523
959,10,10,10,,40316,40328,,
960,,10,10,9,40487,40487,40487,40487
961,10,,,,40338,40343,40443,40450
962,,10,10,10,40456,40469,40476,40480
963,10,10,,,40308,40330,40437,
964,8,,,9,40092,40101,40154,40330
965,,,,,40497,40497,40497,40497
966,,10,10,10,40322,40330,40427,40471
967,10,10,10,10,40472,40472,40475,
968,10,10,10,10,40322,40327,40336,40407
969,10,10,10,10,40323,40399,40486,
970,9,10,,,40526,,,
971,,,10,10,40205,40219,40225,40312
972,8,,9,9,40312,40317,40322,40336
973,10,10,10,10,40288,40315,40330,40410
974,9,10,,,40330,40336,40448,40452
975,10,10,10,9,40310,40322,40325,40428
976,,9,9,,40254,40274,40303,40322
977,,,10,9,40324,,,
978,,,,10,40321,40329,,
979,10,,,,40477,40477,40477,40477
980,10,10,10,10,40245,40281,40319,40424
981,10,10,10,10,40438,40441,40448,40456
982,10,10,10,10,40289,40294,40305,40427
983,10,9,10,9,40316,40316,40316,40316
984,10,9,,10,40441,40459,40486,40496
985,8,,,8,40314,40316,,
986,10,,,,40477,40477,,
987,10,10,10,,40281,40282,40289,40324
988,,8,10,,40322,40326,40459,
989,9,9,8,8,40311,40315,40315,40315
990,,,9,,40449,,,
991,10,,10,10,40323,40406,40466,40531
992,9,,10,10,40278,40296,40330,40453
993,7,9,8,9,40327,40329,40329,40331
994,9,9,9,10,40319,40319,40319,40319
995,10,,9,,40343,40343,40343,40343
996,8,10,10,,40319,40329,40381,40502
997,9,10,,,40420,40432,40443,40450
998,,10,,9,40284,40288,40314,40327
999,,10,10,10,40310,40320,40327,40374
1000,,,,,40416,40457,40478,
1001,9,8,7,5,40427,40436,40445,40452
1002,10,,10,,40314,40330,40416,40529
1003,9,9,10,6,40237,40330,40463,
1004,8,10,9,,40422,40422,40468,40476
1005,10,,,,40302,40321,40326,40331
1006,10,,10,10,40316,40416,,
1007,10,10,10,10,40497,,,
1008,10,,,,40303,40318,40329,
1009,10,10,10,8,40255,40301,40332,
1010,10,,,,40326,40435,,
1011,,10,9,10,40296,40308,40321,40326
1012,10,8,9,9,40451,40469,40480,40487
1013,,,,,40331,40331,40337,
1014,10,9,10,10,40331,40484,40599,
1015,5,10,10,9,40329,40330,40337,40430
1016,10,10,9,9,40280,40311,40326,40330
1017,10,9,10,,40331,40338,,
1018,9,,,,40533,40547,40550,40555
1019,10,10,10,8,40450,,,
1020,9,9,9,9,40317,40325,40329,
1021,10,10,10,8,40365,40388,40421,40427
1022,10,10,,,40448,40463,40465,40466
1023,10,10,9,9,40317,40327,40330,40336
1024,10,9,,10,40330,40337,40469,40482
1025,,,,,40453,,,
1026,10,10,10,10,40252,40295,40323,40328
1027,10,10,10,9,40276,40300,40319,40326
1028,8,,9,,40260,40315,40323,40331
1029,10,10,10,10,40311,40319,40329,40336
1030,10,10,9,,40322,40332,40337,40556
1031,10,10,,,40436,40441,40448,40452
1032,10,10,10,10,40280,40294,40312,40329
1033,,9,9,9,40457,40462,40464,40467
1034,10,,,,40310,40322,40329,
1035,10,10,10,,40570,40576,40577,
1036,10,10,,,40325,40326,40330,40336
1037,10,,10,,40463,40472,40529,40585
1038,10,10,10,10,40278,40314,40466,40504
1039,10,10,10,10,40434,40468,40483,
1040,,,8,,40323,40442,40476,
1041,9,10,,,40329,40415,40429,40437
1042,10,,,10,40326,40326,,
1043,,,9,10,40428,40450,40459,
1044,10,10,10,10,40330,40331,40331,40331
1045,10,10,10,10,40487,40487,40487,40487
1046,,,,,40548,40554,,
1047,,,,8,40456,40479,,
1048,9,10,,,40493,40493,40493,40493
1049,10,10,10,10,40423,40424,40434,40449
1050,10,10,10,9,40469,40490,,
1051,10,10,10,10,40302,40437,,
1052,10,10,10,10,40315,40321,40326,40433
1053,10,10,10,10,40330,40337,40465,
1054,,9,10,9,40285,40301,40322,40327
1055,10,10,10,9,40330,40336,40451,
1056,9,9,9,9,40444,40470,40497,
1057,10,10,,,40320,,,
1058,10,,,,40479,,,
1059,10,10,10,10,40472,40472,40472,40472
1060,,10,,,40458,40461,40470,
1061,8,,10,10,40468,40477,40477,40660
1062,9,,,,40464,40469,40480,
1063,6,,,,40451,40455,40464,40476
1064,8,8,,9,40325,40327,40329,40332
1065,10,,,,40444,40451,40463,
1066,7,,,,40452,40456,40464,
1067,10,,,,40444,40446,,
1068,10,10,10,8,40316,40322,40324,40327
1069,10,10,10,10,40340,40376,40469,
1070,10,10,10,,40346,40448,40471,
1071,10,10,10,10,40283,40302,40317,40436
1072,10,10,,,40327,40501,,
1073,,,,,40332,40332,,
1074,10,,10,10,40331,40344,40505,40652
1075,,,2,,40591,40609,,
1076,,,8,,40336,40336,40336,40337
1077,10,10,8,10,40527,40534,,
1078,10,10,8,10,40441,40449,40456,40466
1079,10,10,10,8,40330,40337,40433,
1080,7,,,,40528,40532,40561,40627
1081,,,,,40318,40331,40339,40339
1082,6,10,10,10,40357,,,
1083,9,9,9,7,40321,40329,40433,40451
1084,10,10,10,10,40484,40484,,
1085,10,,10,,40300,40308,40313,40480
1086,10,10,10,10,40436,40462,40479,
1087,10,10,10,10,40612,40612,40612,40612
1088,10,,,10,40606,40606,40606,40606
1089,,10,10,10,40337,40337,40344,40639
1090,10,,,,40280,40294,40332,40449
1091,8,8,8,7,40295,40295,40295,40295
1092,,,10,10,40331,40338,,
1093,10,,,10,40323,40330,40428,40450
1094,10,10,10,9,40318,40323,40330,40452
1095,,10,10,9,40310,40327,,
1096,,10,,,40466,,,
1097,10,,,,40464,40480,40484,40486
1098,10,10,10,10,40292,40286,40292,40308
1099,10,,10,8,40430,40434,40438,40445
1100,10,10,10,10,40316,40329,40444,
1101,9,9,8,8,40473,40494,40503,
1102,8,,10,,40467,40470,40472,40473
1103,10,9,10,9,40294,40301,40305,40324
1104,9,9,8,8,40317,40333,40343,40364
1105,9,10,10,10,40483,40483,40483,40483
1106,,9,9,9,40263,40281,40328,
1107,10,10,10,9,40328,40336,40451,
1108,10,10,10,9,40282,40287,40297,40312
1109,10,,,10,40447,40456,40478,40483
1110,10,,,10,40447,40466,40478,40490
1111,,9,,,40308,40316,40323,40329
1112,,,,10,40342,40434,40471,40493
1113,,,10,9,40336,40337,40352,
1114,10,10,8,9,40330,40340,40459,
1115,10,9,9,9,40316,40327,40443,40571
1116,9,,,10,40337,40442,40451,40482
1117,10,,,,40497,40500,40501,
1118,10,10,10,7,40329,40368,40653,
1119,8,,10,,40466,40468,40469,40470
1120,10,10,10,10,40343,40368,40495,40522
1121,,10,10,10,40323,40344,40351,40464
1122,9,,9,9,40500,40500,,
1123,,,,,40463,40463,40463,40463
1124,9,10,10,10,40318,40325,40436,40495
1125,10,10,10,10,40315,40326,40592,
1126,10,9,,,40451,40466,40497,40546
1127,10,,,,40436,40442,40447,40451
1128,10,,10,,40239,40249,40253,
1129,,,,9,40451,40456,40463,40464
1130,,,,,40466,40466,40466,40466
1131,10,10,10,10,40455,40455,,
1132,10,,,,40463,40471,,
1133,10,10,10,10,40449,40451,40452,
1134,,,10,,40470,40480,,
1135,10,10,10,10,40317,40337,40456,
1136,7,,,,40339,40344,40348,
1137,10,,10,10,40338,40342,40344,40479
1138,,10,,10,40454,40461,40475,40481
1139,,10,10,10,40591,,,
1140,,10,,,40470,40470,40470,40470
1141,9,,,,40469,,,
1142,9,,10,,40252,40308,40327,40653
1143,8,8,10,10,40295,40305,40316,40322
1144,10,10,10,10,40245,40280,40312,40323
1145,10,10,9,9,40324,40269,40289,40316
1146,9,10,8,9,40312,40324,40330,40451
1147,10,10,,,40283,40309,40329,40437
1148,9,,10,8,40453,40472,40472,40472
1149,10,10,10,10,40444,40464,,
1150,10,,,,40441,40463,40477,40481
1151,9,10,10,10,40460,40465,40470,40479
1152,10,,,,40434,40435,40444,
1153,8,,7,,40215,40229,40241,40271
1154,10,10,10,9,40330,40291,40318,40330
1155,10,10,10,10,40332,40336,40337,40438
1156,10,10,10,10,40464,,,
1157,,,,10,40423,40451,,
1158,10,,,,40161,,,
1159,9,,,,40459,40470,40476,40478
1160,10,10,10,10,40316,40323,40326,40329
1161,10,8,,,40329,40333,40640,
1162,10,,,,40332,,,
1163,10,,,,40458,40458,40465,40476
1164,9,8,8,7,40337,40340,40485,
1165,10,10,10,8,40310,40318,40325,40331
1166,10,10,10,,40266,40325,40329,40466
1167,10,10,10,4,40322,40329,40331,
1168,,,,10,40497,40522,,
1169,10,,,,40330,40331,40579,
1170,8,10,9,10,40277,40316,40322,40326
1171,10,10,9,9,40326,40326,40326,40330
1172,10,10,,10,40246,40281,40307,40328
1173,,,,,40428,40443,40454,
1174,,10,,,40451,40589,,
1175,6,,,,40522,,,
1176,10,10,10,10,40448,40458,40463,
1177,8,,,,40318,40320,40329,40602
1178,,,,,40285,40292,40295,40297
1179,10,10,10,10,40316,40319,40329,40402
1180,10,10,10,7,40301,40322,40331,40463
1181,,,,10,40330,40450,,
1182,10,10,,10,40277,40324,40331,40574
1183,10,,,9,40437,,,
1184,10,,,,40555,40562,40568,40573
1185,10,6,,,40316,40323,40329,
1186,,,,10,40567,40567,40567,
1187,,8,8,9,40554,40554,40554,
1188,10,,,,40434,,,
1189,10,10,10,,40327,40492,,
1190,10,10,,,40338,40338,40338,
1191,,,,,40438,40453,40483,
1192,10,10,,,40347,40464,40617,
1193,10,10,10,10,40290,40301,40312,40325
1194,9,10,10,8,40310,40325,40329,40445
1195,10,,,,40266,40280,,
1196,10,10,10,10,40311,40336,40336,40336
1197,10,10,10,10,40219,40317,40604,
1198,,,,,40504,40505,40508,
1199,,,,,40476,40478,40478,40483
1200,10,10,9,10,40326,40330,40343,40533
1201,,,,,40463,40483,,
1202,10,,,,40305,40311,40319,40327
1203,9,9,9,10,40461,40466,40471,40631
1204,10,10,10,,40513,40513,40513,
1205,,10,10,10,40549,40549,40549,40549
1206,10,,,,40476,40486,40491,40493
1207,10,10,10,10,40324,40326,40329,40330
1208,,,,,40446,,,
1209,10,,,,40448,40457,40469,40477
1210,4,,10,8,40480,40483,40489,40501
1211,10,10,10,9,40320,40328,40330,40331
1212,10,10,10,10,40325,40329,40343,40463
1213,8,,9,,40318,40323,40325,40329
1214,10,,,,40420,40442,40451,40546
1215,,10,10,10,40638,40638,40638,
1216,9,,,,40437,40451,40451,40460
1217,10,,,,40493,40497,40499,40500
1218,,,10,,40337,40339,40344,40480
1219,10,10,10,10,40214,40238,40267,40312
1220,10,10,10,10,40300,40303,40304,40317
1221,,,,9,40423,40429,40448,40461
1222,10,,8,8,40445,,,
1223,10,10,,,40567,40569,40582,
1224,10,,,,40344,40651,,
1225,,,,,40553,40553,40553,40553
1226,10,9,8,8,40479,40491,40497,
1227,10,7,8,10,40280,40302,40319,40330
1228,10,,7,,40290,40295,40303,40309
1229,6,,,,40436,40441,,
1230,,,,,40322,40327,40330,40393
1231,,9,,,40444,40471,,
1232,10,10,10,10,40297,40316,40325,40449
1233,10,10,10,,40313,40315,40317,40326
1234,,7,8,,40429,40433,40435,40442
1235,3,10,10,10,40300,40310,40315,40321
1236,10,,10,,40316,40319,40325,
1237,8,,,,40563,40563,40563,
1238,7,10,,,40318,40326,40334,
1239,,8,10,,40280,40304,40323,40441
1240,10,,,10,40343,40351,40682,
1241,,,10,,40473,40478,40492,40561
1242,10,,,,40493,40497,40518,
1243,,9,10,,40344,40461,40482,
1244,10,,,,40437,40453,,
1245,10,10,,,40459,40472,40497,
1246,10,10,,10,40298,40317,40333,
1247,,10,10,10,40336,40459,40491,
1248,10,10,10,10,40324,40331,40450,40479
1249,,,,,40457,40462,40519,
1250,10,10,10,10,40309,40329,40346,
1251,2,9,10,9,40316,40331,40518,40547
1252,,10,7,10,40472,40472,40475,40483
1253,10,,,,40471,40483,40499,
1254,10,,10,10,40563,40567,40574,40608
1255,10,10,9,,40416,,,
1256,10,10,10,,40316,40321,40326,40512
1257,,,,10,40522,40666,,
1258,9,9,9,10,40319,40431,40455,
1259,8,9,10,9,40308,40308,,
1260,10,10,10,4,40476,40480,40484,40489
1261,,,,,40449,40449,40681,
1262,9,,,,40519,40541,40557,40571
1263,10,10,,,40323,40329,40466,
1264,8,,,,40269,40280,40283,
1265,10,9,,,40313,40326,40638,
1266,,,,8,40442,40450,40469,
1267,,,,,40476,,,
1268,10,,10,,40484,,,
1269,10,9,9,9,40283,40295,40308,40329
1270,8,7,10,10,40269,40309,40325,
1271,10,,,,40459,,,
1272,9,9,9,8,40308,40329,40579,
1273,,,10,,40484,,,
1274,8,,,,40309,40329,40582,
1275,10,10,9,8,40330,40449,40480,
1276,,7,,,40324,40344,,
1277,,,,,40456,,,
1278,,,,,40471,40471,40471,
1279,,,,,40463,40498,,
1280,9,10,10,,40301,40308,40316,40324
1281,5,,,,40582,40605,40605,
1282,10,,,,40197,40212,,
1283,10,10,10,8,40473,40488,,
1284,,,,,40476,40485,40491,40496
1285,,,,,40498,40499,40501,40645
1286,8,,10,,40499,40499,40499,40499
1287,10,8,10,,40317,40325,40331,40456
1288,10,10,10,10,40292,40318,40329,40421
1289,10,10,9,9,40325,40325,40325,40325
1290,8,,,,40468,40478,40484,
1291,10,,10,,40410,40469,40535,40644
1292,10,10,10,10,40253,40315,40322,40326
1293,,10,10,,40235,40270,40294,40322
1294,8,,,10,40477,40482,,
1295,,10,,10,40288,40323,40326,40411
1296,,8,,,40448,40487,,
1297,10,,10,10,40451,,,
1298,9,,,9,40282,40329,40494,
1299,9,10,10,,40315,40326,40330,40456
1300,9,,10,9,40513,40522,40550,
1301,,9,9,7,40303,40321,40449,
1302,10,10,9,10,40294,40294,40305,40324
1303,,,7,,40548,40550,40563,
1304,10,,3,,40476,40487,,
1305,,9,,,40421,40462,40505,
1306,,10,10,,40498,40572,40603,
1307,9,8,10,,40434,,,
1308,10,10,10,10,40458,40469,40484,
1309,,,9,,40275,40312,40330,40366
1310,7,,,,40517,40520,40556,
1311,10,8,9,,40552,40557,,
1312,10,10,8,10,40269,40283,40301,40314
1313,10,10,10,10,40319,40330,40336,40448
1314,,10,,,40482,40498,40500,40501
1315,10,,10,,40323,40326,40479,
1316,10,,,,40357,40471,40471,40484
1317,10,,9,10,40337,40337,40337,40337
1318,10,,8,,40340,40340,,
1319,10,9,10,9,40235,40248,40261,40282
1320,9,10,9,8,40449,40449,40449,
1321,10,9,,,40440,40456,40463,40469
1322,9,,,10,40338,40455,40464,40611
1323,10,,10,,39940,40332,40366,
1324,10,,,,40500,40511,40512,40527
1325,10,,,,40452,,,
1326,9,,,,40437,40447,40466,
1327,,10,,8,40450,40477,,
1328,,,,,40263,40269,40272,40273
1329,9,,,8,40429,40436,40441,40444
1330,,,10,,40482,40486,40491,40493
1331,9,,,,40467,40469,40470,40472
1332,10,10,10,,40273,40297,40326,40459
1333,,8,9,10,40440,40592,,
1334,10,10,10,10,40462,40467,40475,40487
1335,10,10,,10,40295,40330,40644,
1336,9,,,,40556,40563,40655,40655
1337,,,10,,40239,40338,,
1338,10,10,10,,40259,40278,40308,40451
1339,10,10,,10,40451,40469,40472,
1340,10,10,10,10,40310,40434,,
1341,7,10,9,,40450,40459,,
1342,10,,,,40492,,,
1343,,10,10,9,40325,40476,40484,
1344,8,4,9,,40596,40647,,
1345,9,,,,40330,40331,40476,
1346,9,,,,40478,40481,,
1347,10,9,,,40259,40287,40310,40330
1348,10,,10,10,40469,,,
1349,10,10,10,,40469,,,
1350,8,8,8,8,40329,40441,40451,
1351,9,9,10,10,40330,40456,,
1352,,,,,40463,,,
1353,10,8,8,,40464,40471,40473,
1354,10,10,,,40435,,,
1355,10,10,,,40433,,,
1356,10,,,,40322,40330,40471,
1357,,10,,,40466,,,
1358,9,,10,,40477,40483,40488,40494
1359,10,10,10,,40448,40458,,
1360,,,,,40287,40291,,
1361,,,,,40298,40311,40321,40381
1362,10,,,,40470,,,
1363,9,,,,40612,,,
1364,10,,,,40294,,,
1365,9,10,9,8,40246,40248,40250,40254
1366,10,,,,40445,40452,40457,
1367,10,,,,40651,40651,,
1368,10,9,9,8,40303,40330,40430,40491
1369,5,,10,,40470,40477,40483,
1370,10,10,8,10,40364,40395,40410,40420
1371,,,,10,40323,40330,40455,
1372,,,,,40322,40483,40489,
1373,10,,,,40421,40442,40457,
1374,8,,,,40338,40449,40464,
1375,,10,9,10,40458,40487,,
1376,10,10,10,10,40316,40328,40331,40469
1377,10,,,,40306,40316,40325,
1378,10,,,10,40330,,,
1379,7,8,,,40330,40465,40641,
1380,10,,,,40351,40354,,
1381,10,10,9,10,40318,40329,40441,
1382,10,10,10,10,40437,40442,40455,40458
1383,,,,,40120,40127,40134,
1384,7,,,,40469,40480,40589,
1385,8,8,9,8,40420,40429,40434,40452
1386,10,,10,,40312,40464,40516,
1387,10,,,,40447,40464,40466,
1388,10,,,,40491,40519,,
1389,10,,,,40310,40321,,
1390,,,,,40329,,,
1391,10,10,9,,40476,40577,,
1392,,,,,40480,40498,,
1393,10,10,10,10,40287,40316,40330,
1394,10,,10,,40296,40301,,
1395,10,9,9,10,40319,40336,40465,
1396,,,8,9,40458,40471,40475,40477
1397,8,,,,40455,40459,40464,40469
1398,10,10,,10,40325,40590,,
1399,10,9,10,10,40320,40325,40331,40470
1400,10,10,,10,40450,40470,40473,
1401,,9,,10,40452,,,
1402,9,9,10,,40319,40323,40328,40465
1403,10,,,,40452,40459,,
1404,,9,10,8,40443,40448,40451,40452
1405,10,10,10,10,40316,40330,40448,40481
1406,8,10,10,10,40302,40326,40330,40443
1407,9,,9,,40444,40451,,
1408,10,10,,,40294,40421,40436,
1409,10,10,10,10,40448,,,
1410,10,7,,,40459,,,
1411,8,10,,,40446,40456,40473,40480
1412,,,,,40436,,,
1413,,,,,40444,40448,40455,
1414,9,8,9,,40439,40452,40480,40484
1415,9,,,10,40461,,,
1416,10,,9,,40326,40330,40336,40466
1417,10,10,10,10,40463,40469,40476,40481
1418,9,,10,,40435,40503,,
1419,9,,10,,40451,,,
1420,,10,,,40451,40644,,
1421,10,,,,40458,,,
1422,10,10,10,10,40301,40326,40334,40475
1423,10,10,10,9,40330,40430,40452,
1424,9,9,8,10,40287,40287,40289,40302
1425,10,,9,10,40326,40330,40441,
1426,10,10,9,10,40324,40329,40449,
1427,9,9,,5,40322,40329,40611,
1428,,,10,9,40358,40365,40397,40469
1429,10,,10,,40319,40330,,
1430,10,,,,40326,40331,,
1431,,,,,40497,40504,,
1432,10,10,10,10,40318,40322,40331,
1433,10,10,10,,40251,40295,40438,
1434,8,8,,7,40296,40301,40306,40312
1435,10,10,,,40323,40331,,
1436,10,9,9,10,40302,40311,40329,40477
1437,10,9,10,10,40436,40447,40452,
1438,,,,,40318,40329,,
1439,10,,10,,40329,40329,,
1440,,10,10,10,40321,40323,40326,40329
1441,8,,,,40319,40323,40402,
1442,,,10,,40325,,,
1443,,,,,40450,,,
1444,10,,10,,40227,40235,40246,40281
1445,10,,,,40288,40330,,
1446,9,9,10,9,40305,40295,40304,40314
1447,10,10,10,9,40255,40299,40413,
1448,10,,,,40263,,,
1449,9,,9,9,40270,40295,40317,40329
1450,,10,10,10,40444,40451,40452,40662
1451,10,10,5,8,40322,40493,40591,
1452,10,,10,10,40324,40329,,
1453,10,10,9,10,40323,40329,40429,
1454,10,10,10,10,40324,40332,40435,
1455,,,,,40336,40336,40465,40625
1456,9,9,,,40497,40512,,
1457,10,,10,,39965,39969,39974,39985
1458,9,,10,,40291,40315,40330,
1459,10,10,10,9,40238,40269,,
1460,9,9,9,,40240,40262,40315,40405
1461,,,,,40454,40470,,
1462,10,10,,,40308,40330,40435,40445
1463,10,,,,40284,40295,40301,
1464,10,,,,40473,40482,40632,
1465,8,,,,40301,40324,,
1466,10,,,,40328,,,
1467,9,8,,,40431,40435,40447,
1468,10,,10,10,40325,40442,40459,
1469,10,10,10,8,40378,40428,,
1470,,10,,,40318,,,
1471,,,,,40450,40464,,
1472,,,,,40457,,,
1473,9,,,,40459,,,
1474,,,,,40471,,,
1475,10,,,,40470,,,
1476,10,,,10,40483,,,
1477,,,,,40475,40483,,
1478,10,,,,40489,40493,,
1479,9,,,,40511,40639,,
1480,10,9,9,,40522,40535,,
1481,9,,,,40511,40694,,
1482,8,10,9,9,40322,40326,40331,40463
1483,10,10,10,10,40259,40322,40459,
1484,9,10,10,10,40428,40471,,
1485,,10,,,40471,40477,40592,
1486,,9,,,40469,40469,40469,40469
1487,,,,10,40444,40471,40479,40498
1488,10,10,9,8,40343,40347,,
1489,,,,,40472,40485,,
1490,10,,10,,40476,40476,40476,40576
1491,10,10,10,,40437,40458,40479,
1492,10,10,10,10,40316,40326,40331,
1493,8,8,,9,40316,40329,40465,40484
1494,10,,,,40437,,,
1495,10,9,10,10,40445,,,
1496,,,,,40337,40463,,
1497,10,8,10,8,40389,40470,40483,
1498,10,,,10,40211,,,
1499,10,,,,40472,,,
1500,8,,,,40441,40459,40464,40467
1501,8,,,,40459,40469,40473,40475
1502,9,,,,40582,40582,,
1503,10,,10,,40263,40294,40322,40337
1504,10,,,10,40299,40326,,
1505,10,10,10,,40313,40323,40330,40336
1506,,,10,9,40287,,,
1507,9,10,10,10,40323,40338,40344,
1508,10,,,,40457,,,
1509,10,,10,,40296,40317,40329,
1510,10,10,10,10,40456,40473,,
1511,10,,,,40478,40480,,
1512,10,,,,40551,40557,,
1513,10,,,,40515,,,
1514,,,,,40443,,,
1515,10,9,10,10,40309,40332,,
1516,,9,,,40484,,,
1517,10,,,,40449,,,
1518,10,,,,40456,40463,,
1519,10,,,,40497,,,
1520,,,3,,40497,40521,,
1521,8,,,,40428,40448,40464,40467
1522,10,,,,,,,
1523,,8,9,10,40325,40333,40455,
1524,3,10,10,10,40321,40330,40442,
1525,10,,,,40494,40512,,
1526,10,10,9,10,40282,40463,,
1527,10,10,10,10,40287,40288,40297,40310
1528,8,,,10,40239,40286,40323,
1529,10,9,10,9,40323,40330,,
1530,10,,,10,40444,40457,,
1531,10,,,,40308,40322,40325,40329
1532,9,,10,10,40309,40329,,
1533,9,,,,40271,40274,40469,
1534,9,9,10,,40481,40491,,
1535,10,,,,40553,40568,40568,40568
1536,10,10,,10,40457,,,
1537,10,,,,40326,,,
1538,10,,10,,40339,,,
1539,10,7,,,40423,40448,,
1540,8,10,10,9,40574,,,
1541,9,,,,40433,40440,,
1542,,10,9,10,40451,,,
1543,,9,,,40505,,,
1544,10,,,,40493,40496,40612,
1545,10,,,,40480,40486,40494,
1546,8,9,5,,40471,40477,,
1547,5,,,,40490,40695,,
1548,9,,,,40513,40529,40529,40529
1549,6,,,,40519,40525,40526,40528
1550,10,9,,,40540,40551,40553,40568
1551,9,,,,40588,40596,40596,40596
1552,,,,,40237,40260,40303,40323
1553,,,10,,40234,40311,40326,40331
1554,,,5,8,40326,40331,40331,40331
1555,9,10,9,8,40600,40601,40602,40609
1556,10,9,10,9,40331,40331,40331,40331
1557,9,,,,40458,40466,40471,40477
1558,,10,,10,40467,40474,40479,40485
1559,2,,,,40567,40567,,
1560,,,,,40442,40455,40476,40479
1561,8,,,,40478,40486,40493,40496
1562,10,8,9,,40603,40610,40631,
1563,10,9,8,9,40434,40442,40459,
1564,10,,,,40457,40464,40467,
1565,9,,,,40497,40501,,
1566,10,,10,,40497,40581,,
1567,7,,9,8,40311,40333,40451,40476
1568,10,9,10,,40323,40325,40477,
1569,10,,10,,40450,40466,40471,
1570,10,10,10,10,40303,40327,40330,
1571,10,9,,,40417,40435,,
1572,10,,,,40298,40304,,
1573,10,8,10,,40321,40434,40452,40466
1574,10,10,9,8,40473,40512,,
1575,10,10,,10,40483,40483,40483,
1576,,,,,40468,,,
1577,8,,,,40478,40479,,
1578,,10,7,,40441,40463,40539,
1579,,,,,40478,40485,40490,40495
1580,9,,,,40451,40464,,
1581,10,,,,40668,40668,40668,40668
1582,8,9,9,,40473,40481,40487,
1583,,,,,40520,40535,40578,
1584,8,9,9,,40464,40483,40491,
1585,,,,,40631,40631,40634,40638
1586,10,10,10,10,40324,40440,40605,
1587,10,10,9,10,40330,40463,40473,40480
1588,10,,,,40319,,,
1589,10,,,,40458,40469,40470,
1590,,,,,40620,40638,40644,40644
1591,,,,,40655,40655,40655,40655
1592,,,,,40501,,,
1593,9,,10,,40459,40463,40466,
1594,,,,,40552,40555,40555,40558
1595,10,,,,40303,40318,40331,40472
1596,10,10,10,10,40394,40457,,
1597,10,,,,40319,40323,40325,40326
1598,,,,,40541,40553,,
1599,10,,,,40323,40330,40456,40505
1600,,,10,,40433,40457,,
1601,9,,,,40427,40495,,
1602,10,,10,,40557,40596,,
1603,,,,,40459,40474,40480,40645
1604,,10,,,40449,40469,,
1605,,,,,40563,40572,40574,40575
1606,10,10,10,,40302,40330,40472,
1607,10,10,10,10,40333,,,
1608,10,10,10,10,40307,40321,40322,40325
1609,9,,9,,40307,40327,40475,
1610,10,,,,40368,,,
1611,10,,10,2,40513,40534,,
1612,9,,,,40496,,,
1613,,,,,40275,40289,40330,
1614,10,10,10,10,40335,40451,40463,
1615,,,10,,40330,40471,,
1616,9,,,,40309,40327,40331,
1617,10,10,10,10,40318,40329,40472,
1618,9,,,,40283,40284,,
1619,,,,,40429,40441,40445,
1620,8,,,,40283,40327,40330,
1621,7,,,10,40250,,,
1622,10,10,9,,40318,40330,40483,40530
1623,10,10,10,,40259,40299,40415,40469
1624,,,,,40337,,,
1625,10,8,,,40512,,,
1626,10,,,10,40421,40436,,
1627,10,10,10,8,40292,40324,,
1628,10,10,10,9,40283,40289,40397,
1629,10,,,,40328,40444,40455,
1630,10,10,10,,40421,40462,,
1631,10,,,,,,,
1632,10,,,10,40326,,,
1633,10,10,10,10,40255,40277,40273,40325
1634,10,,,,40330,,,
1635,10,10,10,10,40266,40315,40331,40331
1636,10,10,,10,40322,,,
1637,10,,,,40451,40451,,
1638,10,,,,40471,40483,,
1639,10,10,,,40331,40442,40452,40455
1640,10,8,10,10,40455,40511,,
1641,,,,8,40311,40324,40338,40338
1642,10,10,10,10,40324,,,
1643,,,,,40477,,,
1644,,,10,9,40329,40331,40337,40450
1645,8,,,,40454,,,
1646,8,8,,9,40450,,,
1647,10,10,,8,40435,40465,,
1648,10,,,,40326,40337,,
1649,10,10,10,,40240,40309,40274,40305
1650,10,10,10,9,40451,40476,40492,
1651,10,10,,,40320,40442,40470,
1652,10,10,10,10,40445,40465,40599,
1653,,,,,40491,,,
1654,,,9,10,40213,40289,40299,
1655,10,,10,10,40422,40451,40464,
1656,8,9,10,10,40315,40323,40328,40436
1657,10,10,,10,40294,40304,40314,40326
1658,,,,,40441,40449,40450,40452
1659,8,9,,,40450,40455,40455,
1660,8,,,,40309,40319,40329,40330
1661,,9,10,,40455,40464,40482,40564
1662,,,,9,40280,40280,40280,40280
1663,,10,,,40337,40338,40338,
1664,10,10,10,8,40532,40550,40568,
1665,,10,,,40458,40465,40469,40471
1666,,,9,,40519,40542,,
1667,10,10,10,10,40238,40326,40448,40476
1668,7,,9,,40135,40322,40135,40135
1669,,,,,40326,,,
1670,10,,,,40577,40584,40584,40589
1671,10,,9,,40258,40297,40298,
1672,10,,,,40301,40442,40469,
1673,10,10,8,10,40456,,,
1674,10,10,,,40464,,,
1675,,,,,40319,40457,,
1676,8,8,,,40326,40457,,
1677,10,10,10,10,40469,40483,40494,
1678,10,,10,10,40451,40461,40464,40466
1679,10,,10,,40254,40289,40326,40434
1680,10,10,10,9,40393,,,
1681,10,8,,,40498,,,
1682,10,,10,,40294,40308,40325,
1683,8,9,10,10,40443,40480,,
1684,10,10,10,10,40310,40325,40429,40599
1685,10,8,,,40338,40338,40414,
1686,9,10,,,40330,40335,40465,
1687,10,10,,,40463,40466,,
1688,10,10,,9,40499,,,
1689,9,6,5,7,40438,40467,40480,
1690,8,,8,,40472,40511,,
1691,10,,,,40504,40515,,
1692,,,,10,40324,40343,40343,40333
1693,10,10,10,10,40263,40277,40323,40319
1694,,9,9,,40324,40441,40455,
1695,10,10,10,10,40442,40445,40448,40451
1696,8,9,,9,40450,40470,,
1697,,10,,,40322,,,
1698,10,,,,40514,,,
1699,7,,9,,40232,40241,40308,40346
1700,10,,,,40451,40482,,
1701,10,10,9,10,40326,40457,,
1702,10,,,,40141,40428,40438,
1703,,8,,10,40322,,,
1704,8,,,,40242,40249,40264,40298
1705,9,,8,9,40325,40330,,
1706,10,,10,,40276,40322,40488,
1707,10,7,,,40430,40438,,
1708,10,10,10,10,40324,40419,40454,40479
1709,10,,,,40312,40325,,
1710,,,,10,40445,,,
1711,8,10,6,10,40478,,,
1712,,,,,40485,40497,40607,
1713,10,,,,40334,,,
1714,8,,,,40287,40324,40359,
1715,8,,9,,40287,40315,40331,
1716,,,,,40282,40459,,
1717,6,6,5,6,40435,40455,40474,40482
1718,,,,,40459,40475,,
1719,10,,,10,40459,40466,40476,
1720,,,,,40493,40497,40500,40502
1721,8,,10,,40490,40496,40497,40500
1722,10,,,,40254,40268,40476,
1723,10,,10,10,40291,40310,40310,40316
1724,10,,,,40350,40434,,
1725,,,,,40398,,,
1726,10,10,10,10,40326,40330,,
1727,9,,10,8,40482,40490,40493,
1728,10,10,10,10,40521,,,
1729,10,10,10,9,40489,40496,,
1730,9,,,,40529,,,
1731,10,10,,,40463,,,
1732,10,10,10,,40471,40487,,
1733,,10,,,,,,
1734,10,,,10,40567,,,
1735,10,,10,,40271,40329,40458,
1736,10,,,,40317,40330,,
1737,10,9,10,,40451,40463,40463,40474
1738,10,10,,10,40326,40330,40337,
1739,10,10,,,40309,40322,40327,40399
1740,,,,,40497,,,
1741,8,,,,40470,40492,,
1742,9,9,9,,40294,40320,40329,40722
1743,9,10,10,9,40462,40473,40488,
1744,7,10,,10,40330,40496,,
1745,9,,,,40287,40296,40438,
1746,,,,,40320,40325,40483,
1747,10,10,9,,40316,40324,40330,40442
1748,9,,,,40319,40326,,
1749,,,,8,40330,40451,40455,
1750,10,10,9,10,40327,,,
1751,,,9,,40478,,,
1752,8,9,10,10,40310,40325,40329,
1753,10,10,10,10,40258,40277,40322,40331
1754,10,,9,,40450,40458,,
1755,,9,,8,40342,40353,40420,40435
1756,8,,,,40513,,,
1757,10,,,,40331,40449,,
1758,,9,,,40446,40463,40494,
1759,5,7,,7,40431,,,
1760,10,,,,40327,,,
1761,9,,9,,40442,40451,40566,
1762,,,10,,40466,,,
1763,,,10,10,40297,40472,,
1764,10,,,,40325,40332,,
1765,9,9,9,8,40275,40450,40545,
1766,8,,,,40304,40331,,
1767,,,,,40448,,,
1768,10,,,,40329,40330,40473,
1769,10,10,,,40452,40463,40469,
1770,8,,,9,40296,40305,40329,40451
1771,10,,9,,40337,40669,,
1772,2,8,,,40483,,,
1773,10,,,,40312,40322,40328,
1774,10,,,10,40323,40477,,
1775,,,,,40467,,,
1776,10,,,,40452,40475,,
1777,10,,,,40298,40320,,
1778,10,,,,40438,40459,40470,
1779,9,,,,40444,40452,,
1780,,,,,40329,,,
1781,,,,,40330,,,
1782,10,,,,40480,40492,,
1783,5,,,10,40321,40325,40330,
1784,,,,,40443,,,
1785,9,10,10,10,40472,40472,40472,40474
1786,9,,7,,40304,40330,40333,40470
1787,10,10,,,40334,40456,40482,
1788,9,8,9,,40295,40319,,
1789,10,,,,40443,,,
1790,10,10,9,9,40458,40464,40493,
1791,8,10,10,,40456,40472,,
1792,,,,,40465,40466,,
1793,10,8,9,10,40448,40457,40468,40472
1794,9,9,9,9,40337,40463,,
1795,8,7,,,40449,40472,,
1796,7,10,10,8,40316,40320,40326,40329
1797,10,10,10,,40427,,,
1798,7,6,,,40446,40463,,
1799,10,,,,40322,,,
1800,8,8,7,,40314,40331,,
1801,10,,,,40475,,,
1802,,,,,40463,,,
1803,8,,9,,40435,40441,,
1804,10,,,10,40451,,,
1805,10,,,,40436,,,
1806,10,,,,40437,40445,40452,
1807,9,,,,40476,40481,,
1808,9,,,,40459,40463,40466,
1809,,,,,40463,40480,,
1810,10,,,10,40437,40442,40450,40459
1811,8,,,,40457,40462,,
1812,10,9,8,,40443,40459,,
1813,,,,,40455,40463,40481,
1814,9,,,,40464,,,
1815,,,,,40471,,,
1816,10,,,,40466,,,
1817,9,,,8,40476,40482,,
1818,,,,,40480,,,
1819,,,,10,40470,40476,40479,
1820,,,,,40486,,,
1821,10,,,,40479,40485,40597,
1822,,,,,40505,,,
1823,,,,,40503,40513,,
1824,10,,,,40557,40567,,
1825,10,9,10,9,40321,40330,40437,40519
1826,9,,,,40456,40465,40483,
1827,10,10,10,10,40302,40330,40448,
1828,10,,9,,40418,40498,,
1829,,10,10,,40336,,,
1830,8,,,,40346,40452,,
1831,8,,,,40430,40437,40441,40443
1832,10,10,10,,40194,40240,40326,40428
1833,10,10,,,40449,,,
1834,,,,,40473,,,
1835,,,,,40459,,,
1836,9,8,,,40442,40521,,
1837,10,8,,,40325,40464,,
1838,8,,,,40319,,,
1839,,,,,40324,40328,40331,
1840,8,8,,,40451,40481,,
1841,9,10,9,10,40458,40464,40465,40469
1842,9,,,8,40480,,,
1843,,10,10,10,40318,40324,40336,40609
1844,8,,7,,40329,40344,,
1845,10,,10,,40263,40277,40280,
1846,,,,,40660,,,
1847,8,10,,,40469,40479,,
1848,9,10,,,40457,40666,,
1849,,,,,40443,,,
1850,9,,,,40441,40448,40463,
1851,10,,,,40445,,,
1852,10,8,,,40454,,,
1853,,,,10,40455,,,
1854,,10,10,10,40452,40459,40468,
1855,,,,,40463,,,
1856,8,9,,,40450,40467,,
1857,10,,,,40473,40482,,
1858,10,,,,40500,,,
1859,9,10,8,10,40514,40521,,
1860,7,10,10,,40462,40466,,
1861,10,,,,40494,40499,,
1862,,,,,40333,40469,,
1863,,10,,8,40431,40506,,
1864,10,,,,40454,40467,,
1865,7,,,,40476,40485,,
1866,9,,,,40500,40513,,
1867,9,,,10,40522,40529,,
1868,10,,10,,40339,40343,,
1869,,,,,40658,40658,40658,40658
1870,,,,,40442,40456,40469,40477
1871,9,,8,8,40287,40296,40329,
1872,,10,10,,40444,40680,,
1873,9,10,10,9,40298,40328,40478,
1874,,9,10,9,40558,40584,,
1875,10,10,10,10,40268,40274,40287,40322
1876,10,,,,40291,40326,40336,
1877,10,,10,,40302,40315,40325,40336
1878,10,8,,,40452,,,
1879,10,,,10,40327,40330,40402,40486
1880,10,,,,40280,40299,40466,
1881,,,,,40496,,,
1882,,10,10,10,40462,,,
1883,10,10,10,10,40262,40262,40262,40266
1884,10,10,,,40466,40478,40497,
1885,9,8,10,,40430,,,
1886,10,10,10,,40441,40476,,
1887,10,10,,,40519,40522,40528,40534
1888,10,,,,40456,40466,40471,40473
1889,,,,,40329,40330,40337,
1890,10,10,,,40312,40336,40499,
1891,,10,,,40511,40511,40511,40511
1892,,8,,,40611,,,
1893,10,10,,,40460,40470,40513,
1894,10,,,,40451,40469,,
1895,,,,,40464,40477,,
1896,9,,,,40472,40478,40489,40495
1897,,,,,40502,40505,,
1898,10,9,9,9,40567,40583,40585,40696
1899,,,,,40631,40631,40631,40631
1900,10,9,10,9,40459,40467,40474,40479
1901,6,10,10,,40555,40555,40555,40555
1902,,10,,,40451,40463,,
1903,7,,,,40511,40511,40511,40519
1904,,,,,40612,40612,40612,40639
1905,10,,10,,40324,,,
1906,9,9,10,8,40329,40465,,
1907,10,,6,,40287,40477,,
1908,10,9,9,,40300,40318,40326,40461
1909,,8,,,40452,,,
1910,9,,10,,40234,40267,,
1911,9,8,10,10,40309,40330,,
1912,10,,,,40442,40462,40466,
1913,,,10,,40463,40466,,
1914,,10,10,,40471,,,
1915,9,10,8,,40451,,,
1916,7,8,,,40458,,,
1917,10,,,,40445,40450,,
1918,,,,,40454,40651,,
1919,,,,,40437,40450,,
1920,10,,,,,,,
1921,10,,,,40500,40504,40512,40515
1922,8,,,,40270,40287,40298,40323
1923,,10,9,,40617,40617,40618,40625
1924,10,,,,40468,40472,40473,40476
1925,,,,,40597,40602,40604,40606
1926,9,,9,9,40253,40322,40329,
1927,8,9,9,,40466,40481,40487,
1928,8,9,9,,40466,40484,40675,
1929,9,,,,40471,40479,40486,40515
1930,9,,10,,40203,40275,40333,
1931,8,10,10,,40478,40486,40491,40495
1932,,,,,40444,40460,40465,40485
1933,8,9,9,9,40340,,,
1934,10,,10,,40330,40466,,
1935,10,,10,,40512,,,
1936,10,,,,40483,40497,,
1937,10,9,,,40448,40473,,
1938,10,,,,40626,40641,40641,
1939,10,,,10,40310,,,
1940,,,,,40492,40499,40501,40505
1941,10,,10,,40512,,,
1942,10,10,,,40610,40618,40620,40644
1943,,,,,40672,40672,40672,40672
1944,10,10,,7,40458,,,
1945,10,,,,40448,40457,,
1946,9,,9,,40259,40273,40277,
1947,10,10,10,,40442,40466,,
1948,10,8,,,40479,,,
1949,9,10,10,,40467,40510,,
1950,9,,,,40322,40331,,
1951,10,10,,,40487,40487,,
1952,9,10,8,8,40308,40308,40309,40310
1953,,7,,,40323,40472,,
1954,10,,10,,40470,40470,,
1955,,,9,,40471,,,
1956,10,,,,40422,,,
1957,,,,10,40322,40454,40644,
1958,,,,10,40269,40305,40675,
1959,,10,,,40464,,,
1960,9,,,,40281,,,
1961,10,9,9,10,40318,40322,40326,40330
1962,8,,,,40424,40456,,
1963,6,,,1,40576,40599,,
1964,10,10,,,40296,40313,,
1965,8,9,7,,40327,40340,,
1966,9,10,8,8,40301,40311,40326,40444
1967,10,8,10,8,40434,40471,,
1968,7,9,,,40462,40475,40647,
1969,10,9,9,8,40298,40312,40329,
1970,9,,,,40308,40475,,
1971,9,10,,,40442,40475,40490,
1972,10,,,,40442,,,
1973,,10,,8,40465,,,
1974,8,,,,40454,40491,,
1975,10,,,,40451,40469,40476,
1976,,10,,,40480,,,
1977,10,,10,,40224,40224,40242,40295
1978,10,,,,40652,,,
1979,10,,,,40496,,,
1980,10,10,10,,40482,40496,,
1981,10,10,10,10,40311,40365,,
1982,10,,,,40511,,,
1983,10,,,,40316,40326,,
1984,10,,,,40451,40490,,
1985,9,10,,,40241,40325,40336,
1986,10,,,,40438,40451,40454,
1987,,,,,40312,40316,40324,40437
1988,10,10,10,9,40260,40267,40297,
1989,8,,9,,40322,40327,40480,
1990,10,,,,40322,40338,,
1991,10,,,,40484,40499,,
1992,10,10,10,10,40487,,,
1993,9,8,,,40460,40470,40478,
1994,10,,8,,40317,40695,,
1995,6,,,10,40290,40295,,
1996,10,,,,40450,40456,,
1997,,,,,40483,,,
1998,9,,,,40486,40501,40700,
1999,10,10,8,7,40299,40424,40472,
2000,10,,10,,40294,40324,40329,40540
2001,10,10,10,10,40242,40275,40330,
2002,10,5,9,8,40297,40315,40318,40326
2003,,,8,9,40330,,,
2004,10,,10,10,40228,40453,40456,40703
2005,10,10,10,9,40325,40331,40602,
2006,10,10,10,,40441,40469,,
2007,10,,10,10,40320,40326,40337,
2008,8,10,,9,40321,40330,,
2009,,,10,10,40316,40337,,
2010,10,,,10,40323,40340,40490,
2011,10,9,,,40301,40322,40449,40487
2012,7,,,,40338,40686,,
2013,,,,,40449,,,
2014,10,10,10,10,40294,40314,40328,40458
2015,10,10,,,40457,40481,,
2016,,,,,40343,40480,,
2017,9,10,10,10,40323,40436,40466,
2018,,10,10,10,40330,40468,40476,
2019,10,10,10,9,40327,40330,40464,
2020,,10,,,40326,40442,40452,
2021,10,10,,9,40324,40330,40337,40599
2022,9,,,,40455,40471,,
2023,,10,8,,40329,40333,40440,40461
2024,10,10,9,10,40472,40486,40504,
2025,,,,,40326,40330,,
2026,8,8,,,40249,40267,40320,
2027,10,,10,8,40627,,,
2028,8,,10,,40295,40320,40330,40573
2029,10,,,,40294,40294,,
2030,10,,,,40494,,,
2031,10,10,10,10,40488,40495,40503,
2032,8,9,,,40485,40491,40513,
2033,10,,8,,40317,40327,40330,40620
2034,10,8,10,,40318,40477,40484,
2035,8,,10,,40312,40328,40464,
2036,10,10,9,9,40324,40401,40446,
2037,10,,,,40462,,,
2038,10,9,10,,40497,40518,,
2039,,9,10,9,40323,40330,,
2040,,10,,10,40464,40471,40480,40483
2041,9,,,10,40441,40455,40462,40465
2042,7,,,,40448,40452,,
2043,10,,,,40574,,,
2044,10,10,10,10,40450,40462,40469,40477
2045,10,10,10,,40329,40336,40457,
2046,10,10,,,40483,,,
2047,10,,,,40338,,,
2048,,,,,40500,40500,40500,
2049,10,,,,40466,40479,,
2050,7,,,,40470,40484,40495,40500
2051,9,,,,40491,,,
2052,,,,,40608,,,
2053,10,,,10,40322,40331,40434,40452
2054,,,10,,40292,40308,40301,40316
2055,,,,,40304,40545,,
2056,,,,,40317,40331,,
2057,,,9,,40281,40281,,
2058,10,9,10,,40444,40456,40465,40480
2059,,,,,40477,,,
2060,8,,,,40522,,,
2061,10,10,,10,40661,40661,40661,
2062,10,10,10,,40324,40444,,
2063,8,8,10,10,40330,40462,,
2064,10,,,,40312,,,
2065,10,,,,40317,40654,,
2066,,,,,40612,40612,40612,40612
2067,,,,,40501,,,
2068,10,10,10,10,40298,40318,40325,40344
2069,,,,10,40328,40330,,
2070,,,9,10,40311,40325,40350,
2071,10,,,,40277,40303,,
2072,9,10,9,,40325,40330,40456,
2073,,10,,10,40450,,,
2074,10,9,10,10,40455,40480,,
2075,10,10,8,10,40491,40549,40557,40567
2076,10,,10,,40490,,,
2077,10,6,10,,40546,40562,40564,40602
2078,6,10,,,40319,40330,,
2079,10,,,,40335,40358,,
2080,10,9,,,40326,,,
2081,10,,,10,40452,40465,,
2082,,,8,,40329,40337,40450,
2083,10,,10,10,40232,40477,,
2084,,10,,,40445,40550,,
2085,8,,,,40462,40469,40471,
2086,,,9,8,40512,,,
2087,,10,9,8,40324,,,
2088,,10,10,8,40329,40337,40563,
2089,8,,9,,40294,40293,40331,
2090,,,9,10,40246,40263,40325,40337
2091,10,,,,40315,40328,,
2092,9,,,,40323,40329,,
2093,10,,,,40470,,,
2094,10,,,,40318,40331,,
2095,10,10,9,10,40462,,,
2096,10,10,10,,40325,,,
2097,,,8,8,40483,,,
2098,9,,,,40326,40494,,
2099,,,,,40385,40385,40516,
2100,10,10,,,40442,40464,40472,
2101,10,10,,,40448,,,
2102,10,,,,40460,40464,40469,
2103,10,,,,40480,40501,,
2104,,,,,40485,40489,40494,
2105,9,,10,,40499,40527,,
2106,,,,,40501,,,
2107,9,9,,,40505,,,
2108,10,,10,,40326,40330,,
2109,9,,,,40527,,,
2110,10,,,10,40310,40328,,
2111,10,,10,10,40254,40262,40280,
2112,10,,9,,40232,,,
2113,9,,10,,40461,40497,,
2114,10,10,,7,40285,40322,40331,40571
2115,10,10,9,9,40317,40323,40329,40331
2116,9,10,9,,40444,40632,,
2117,,,,,39972,39973,,
2118,,,10,10,40157,40659,,
2119,10,,,,40291,40452,,
2120,8,,10,8,40459,40630,,
2121,,,,,40134,40226,,
2122,10,,,,40302,,,
2123,10,,,,40330,,,
2124,7,,,,40444,40464,,
2125,10,,,,40448,,,
2126,10,10,,,40459,,,
2127,10,,,,40478,,,
2128,,,,,40483,,,
2129,9,,,,40472,,,
2130,,10,9,,40330,40343,40442,40476
2131,10,10,10,10,40330,40341,40466,
2132,10,10,10,10,40335,40340,40462,
2133,,,9,,40435,40443,,
2134,,10,9,8,40329,40456,,
2135,8,9,,,40330,,,
2136,10,,,,40318,40325,,
2137,10,,,8,40340,40456,40488,
2138,,,,,40343,,,
2139,9,10,,9,40330,40513,,
2140,,,,,40481,40485,,
2141,9,10,9,,40298,40307,40323,40449
2142,10,10,10,10,40321,40454,,
2143,10,10,,,40469,,,
2144,10,10,10,,40327,40666,,
2145,9,,,,40283,40291,,
2146,10,10,10,10,40322,40329,40360,40469
2147,10,,,9,40343,,,
2148,,,,,40269,40297,40301,40328
2149,9,10,7,9,40463,,,
2150,10,,,,40442,40456,40459,
2151,9,,10,,40316,40465,,
2152,10,9,,,40452,40473,,
2153,7,,,10,40339,40438,40448,
2154,9,8,9,6,40392,40452,40462,40477
2155,9,,,,40324,40330,,
2156,,,,,40305,40308,40316,40331
2157,10,9,10,9,40246,40315,40412,40464
2158,10,,,,40442,40455,40470,40672
2159,8,10,,,40481,40486,,
2160,10,,10,7,40318,40446,40466,
2161,7,,10,10,40329,40330,,
2162,9,9,9,,40329,,,
2163,,,,,40330,,,
2164,,,,,40308,40329,,
2165,10,10,9,,40323,40436,,
2166,7,10,,,40451,40464,,
2167,9,,10,,40296,40324,40333,40481
2168,10,10,,,40441,40442,,
2169,10,10,,,40432,,,
2170,,,,7,40431,,,
2171,10,,,,40469,,,
2172,,,,,40500,40500,40500,40500
2173,9,8,,10,40326,40336,,
2174,9,,9,10,40298,40316,40329,40339
2175,10,10,10,10,40317,40333,40480,
2176,10,10,,,40442,40463,40473,40478
2177,,10,,,40335,40345,40520,
2178,,,,,40472,40483,40654,
2179,10,10,,,40449,40459,,
2180,10,10,10,10,40253,40253,40253,40254
2181,8,10,8,10,40321,,,
2182,9,10,10,7,40312,40330,,
2183,9,9,10,8,40334,40337,,
2184,,,10,,40639,40639,40639,
2185,10,,,,40303,,,
2186,10,,10,,,,,
2187,,,,,40478,,,
2188,,,10,,40349,40460,40465,40470
2189,8,9,9,,40240,40289,40440,40459
2190,,,9,,40473,40497,40512,
2191,10,10,10,8,40263,,,
2192,5,,,9,40326,40331,,
2193,7,,,,40496,,,
2194,10,,,,40332,40469,,
2195,8,,,,40701,,,
2196,10,,,,40308,40335,,
2197,10,,10,,40310,,,
2198,10,,,,40457,,,
2199,10,,10,,40486,,,
2200,10,9,7,10,40316,40330,40604,
2201,8,8,4,8,40320,40450,,
2202,10,9,6,8,40331,40331,40457,40464
2203,9,,,10,40317,40610,,
2204,10,8,9,10,40449,,,
2205,10,10,10,10,40289,40274,40307,40329
2206,8,10,10,10,40298,40316,40330,
2207,,,,10,40273,40301,40321,40325
2208,10,10,10,10,40449,40502,40568,
2209,9,8,,9,40288,40288,40288,40292
2210,7,,10,,40309,40328,40386,
2211,,,,,40322,40330,,
2212,,,10,6,40448,,,
2213,,10,,,40457,,,
2214,8,9,,10,40328,40480,40492,
2215,7,,,,40325,,,
2216,10,,,,40245,40250,40675,
2217,10,10,,8,40416,40466,,
2218,10,10,10,10,40322,40452,40466,
2219,10,,,,40323,,,
2220,10,,,,40157,40161,40217,
2221,,,,,40338,,,
2222,,,10,,40468,,,
2223,8,,,,40455,,,
2224,10,10,,,40465,40469,,
2225,,,,,40452,40460,,
2226,,9,,,40445,40450,40464,40518
2227,,,,,40475,,,
2228,8,8,,3,40325,40329,40330,40337
2229,,,10,,40238,40248,40252,40280
2230,5,8,7,9,40474,40512,,
2231,10,,9,10,40308,40308,40301,
2232,,,,,40461,40469,,
2233,10,10,10,10,40325,40470,40518,
2234,9,9,8,7,40294,40324,40483,
2235,8,7,9,10,40337,40450,,
2236,10,10,,10,40360,40466,40498,
2237,,,,,40525,40527,40527,
2238,8,,9,,40491,40501,,
2239,,,,,40288,,,
2240,9,,,10,40294,40489,,
2241,8,,,,40512,40517,,
2242,10,9,9,10,40326,40330,,
2243,10,10,10,10,40325,40330,40410,
2244,10,,,,40301,,,
2245,9,,,,,,,
2246,9,,,,40483,40513,,
2247,10,,,,40518,40520,,
2248,10,,5,,40329,,,
2249,10,10,10,10,40315,40318,40330,
2250,9,,10,,40279,40285,40307,40324
2251,10,,,,40345,40467,40474,
2252,8,,8,9,40281,40287,,
2253,,,10,,,,,
2254,,,,,40280,40289,,
2255,,10,,,40324,40325,,
2256,10,,10,,40330,,,
2257,10,,9,,40288,40308,40312,40329
2258,,10,8,6,40330,40451,,
2259,9,,,,40323,40329,,
2260,,,,,40253,40652,,
2261,,,,,40449,40478,,
2262,,,,,40443,40443,40459,
2263,9,,,,40502,40508,,
2264,,10,9,10,40373,40466,,
2265,10,10,9,,40350,40474,,
2266,,,,,40297,40305,40310,40313
2267,10,,,,40613,40613,40617,
2268,9,9,,,40325,40347,40474,
2269,,,10,8,40323,40329,40449,
2270,10,,,,40322,40324,40327,
2271,9,,8,,40256,40284,40324,40336
2272,10,,,,40512,,,
2273,10,10,10,10,40574,,,
2274,10,,9,,40323,40326,,
2275,10,,,10,40310,40338,,
2276,10,,,,40437,40451,,
2277,9,9,9,9,40331,40331,,
2278,10,,9,,40466,,,
2279,10,,,,40448,,,
2280,10,,,,40452,40455,,
2281,,,,,40326,,,
2282,10,,10,,40247,40248,40248,
2283,10,,,,40445,40466,,
2284,,10,10,,40330,40489,,
2285,10,10,,10,40479,40494,,
2286,10,,,,40510,40515,40520,
2287,,,,,40476,,,
2288,8,,,,40459,,,
2289,10,,,,40497,,,
2290,10,,,,40491,,,
2291,,,,,40497,,,
2292,10,10,10,10,40331,40457,40515,
2293,10,,9,,40281,40281,40281,40285
2294,,,,,40327,,,
2295,10,,,,40280,40329,40486,
2296,9,,,,40475,,,
2297,8,,,,40322,40341,,
2298,9,,,,40319,,,
2299,,9,,,40500,,,
2300,,,,,40337,40478,,
2301,,,,,40273,40455,,
2302,8,,,,40480,,,
2303,8,,,,40486,,,
2304,,10,,,40463,40550,,
2305,10,,,,40517,40525,40527,40558
2306,,10,,,40294,40295,40295,
2307,,,,,40330,,,
2308,9,,,,40295,40308,,
2309,10,,,,40464,40479,,
2310,7,,,,40337,40456,,
2311,10,9,,9,40302,40448,,
2312,10,,,,40319,40647,,
2313,8,,,,40338,40338,,
2314,10,10,10,10,40452,,,
2315,10,,10,,40513,,,
2316,10,,,10,40464,40591,,
2317,,10,,10,,,,
2318,10,10,10,10,40305,,,
2319,,9,,10,40710,,,
2320,,,,10,40451,40470,40584,
2321,10,,10,,40317,40325,40329,40330
2322,10,,,,40535,40547,40549,40551
2323,10,,,,40446,40447,40451,40468
2324,10,,10,10,40313,40326,40330,
2325,,,10,,40327,,,
2326,10,,,,40318,40323,40323,
2327,9,,,,40333,,,
2328,10,,10,,40298,40343,,
2329,,,,,40318,,,
2330,9,,,,40252,,,
2331,10,,10,,40470,40500,,
2332,9,,,,40295,40305,,
2333,,,,,40469,,,
2334,10,,,,40318,,,
2335,,5,5,,40471,40478,40483,
2336,10,9,,,40471,40501,,
2337,6,,,,40263,40637,,
2338,9,9,9,7,40310,40322,40326,40336
2339,8,,,,40327,40336,40337,40338
2340,8,,,,40329,40332,40480,
2341,10,10,,,40436,40496,,
2342,,,,,40472,40473,,
2343,10,,9,,40363,,,
2344,10,,,,40251,,,
2345,,,,,40329,,,
2346,10,9,8,,40483,40499,,
2347,10,,,8,40490,40495,40500,40501
2348,10,9,10,9,40452,40464,,
2349,9,9,9,9,40465,40474,40481,40485
2350,10,,,,40284,40295,40696,
2351,10,,,,40322,40332,,
2352,10,10,10,,40337,40423,40439,40451
2353,10,10,9,,40452,40464,40480,
2354,,,,,40330,40339,,
2355,10,,7,,40482,40491,,
2356,9,,,8,40336,,,
2357,10,,,,40329,40459,,
2358,6,,7,,40330,40466,,
2359,9,,,,40324,40337,,
2360,10,,10,10,40574,40581,40703,
2361,,,,,40455,,,
2362,,,,,40553,,,
2363,10,10,10,10,40457,40469,40590,
2364,,,10,,40478,40483,40491,
2365,8,,,,40326,40333,,
2366,10,,10,10,40313,40322,40329,40360
2367,9,,,,40311,40329,40336,40616
2368,10,,10,,40457,,,
2369,10,9,,,40466,,,
2370,8,,,,40332,40472,,
2371,10,9,,,40321,40329,,
2372,10,,,,40323,40330,,
2373,10,10,10,10,40331,40455,40473,
2374,10,,3,,40464,,,
2375,9,,,,40466,,,
2376,10,,10,,40501,,,
2377,10,,10,,40467,40481,40492,
2378,,,,,40329,40330,40450,40461
2379,10,10,10,10,40459,40470,40477,
2380,9,10,,9,40326,,,
2381,10,,,,40437,40447,40451,
2382,7,10,9,,40498,,,
2383,,,,,40497,40513,,
2384,10,,,,40410,40411,40413,
2385,9,10,9,9,40517,40525,40527,40661
2386,10,10,10,,40349,40463,40491,
2387,10,,,,40616,40616,40617,
2389,10,9,8,,40447,40455,40459,
2388,5,,,,40448,40529,,