ID,LIMIT_BAL,SEX,EDUCATION,MARRIAGE,AGE,PAY_1,PAY_2,PAY_3,PAY_4,PAY_5,PAY_6,BILL_AMT1,BILL_AMT2,BILL_AMT3,BILL_AMT4,BILL_AMT5,BILL_AMT6,PAY_AMT1,PAY_AMT2,PAY_AMT3,PAY_AMT4,PAY_AMT5,PAY_AMT6
n1000-1,5.00E+05,1,1,2,29,0,0,0,0,0,0,367965,412023,445007,542653,483003,473944,55000,40000,38000,20239,13750,13770
n1000-2,210000,1,1,2,29,-2,-2,-2,-2,-2,-2,0,0,0,0,0,0,0,0,0,0,0,0
n1000-3,150000,1,1,2,27,0,0,0,0,0,0,86009,86108,89006,89775,87725,40788,4031,10006,3266,4040,1698,800
n1000-4,20000,1,2,1,38,0,0,0,0,0,-1,17973,19367,19559,18240,17928,150,1699,1460,626,1750,150,0
n1000-5,4.00E+05,1,2,1,34,-1,-1,-1,-1,-1,-1,19660,9666,11867,7839,14837,7959,9677,11867,7839,14837,7959,5712
n1000-6,210000,2,1,1,38,1,-2,-1,0,-1,-1,0,0,250,123,789,1222,0,250,0,789,1222,9616
n1000-7,30000,1,3,1,42,-1,-1,-1,-1,-1,2,390,390,390,240,1320,780,390,390,240,1470,0,0
n1000-8,150000,2,2,2,27,0,0,0,0,0,0,127402,110050,51547,44384,36900,29497,4500,1745,1566,1208,1077,2529
n1000-9,50000,1,2,2,27,3,2,2,0,0,-1,13694,14880,14242,13968,14319,2614,1700,0,426,501,2614,1390
n1000-10,1.00E+05,1,1,2,27,0,0,0,0,0,0,55734,52557,33415,28776,17580,6441,1631,1286,200,645,909,200
n1000-11,360000,2,2,2,32,0,0,0,0,0,0,93029,94054,91834,95631,100123,100738,10000,7000,10000,10000,10000,10000
n1000-12,190000,2,1,2,28,0,0,0,0,0,0,143464,146943,151905,153538,156664,160361,5795,7408,5645,5753,6370,5865
n1000-13,260000,2,1,2,30,0,0,0,0,0,0,156882,160246,159988,158114,158762,159108,10000,8000,6000,7000,7000,6000
n1000-14,230000,2,1,2,35,-2,-2,-2,-2,-2,-2,761,300,399,665,576,613,300,399,665,576,613,520
n1000-15,80000,2,1,2,29,1,-1,-1,-2,-2,-2,0,80000,0,0,0,0,80000,0,0,0,0,0
n1000-16,2.00E+05,1,1,1,52,-2,-2,-2,-2,-2,-2,3858,2690,3410,0,0,82150,2690,3487,0,0,85900,396
n1000-17,80000,2,2,1,32,-1,-1,-2,-2,-2,-2,11262,0,0,0,0,0,0,0,0,0,0,0
n1000-18,180000,1,2,1,34,-1,-1,-1,-1,-1,-1,2927,2790,1140,2144,1180,1382,2790,1140,2144,1180,1382,2440
n1000-19,60000,1,3,1,38,1,2,2,0,0,2,29295,30321,31018,32193,34213,35002,1800,1500,2000,2700,1500,0
n1000-20,620000,2,2,1,45,2,2,0,0,0,0,160837,156839,160440,163781,167159,170894,0,6200,6000,6000,6500,6000
n1000-21,130000,2,2,2,29,0,0,0,0,0,0,131575,130931,132969,45584,46516,47455,6700,6000,1291,1319,1336,1365
n1000-22,2.00E+05,2,1,1,37,1,-2,-2,-2,-1,-1,0,0,0,0,595,0,0,0,0,595,0,2370
n1000-23,230000,1,1,1,39,-1,-1,-1,-1,-1,-1,660,660,660,660,660,660,660,660,660,660,660,660
n1000-24,150000,1,3,2,39,1,-1,-1,-2,-2,-2,214450,147280,150000,0,-5000,0,5180,5000,0,0,5000,0
n1000-25,10000,2,3,2,22,0,0,0,0,-2,-2,8109,9778,8259,0,0,0,2000,1036,0,0,0,0
n1000-26,150000,2,3,2,28,0,0,0,0,0,0,101593,101886,101441,100829,101913,96704,4000,4032,3410,4000,3665,3050
n1000-27,50000,2,2,1,34,0,0,0,0,0,0,10821,11877,13656,14949,16567,16826,1221,2000,1500,2000,2000,4000
n1000-28,50000,2,1,2,33,-1,2,-1,-1,-1,-2,7363,5180,31902,11044,0,0,39,32013,11079,0,0,0
n1000-29,20000,2,2,3,52,0,0,0,0,0,0,14591,15616,16628,16958,17314,17664,1265,1277,607,629,638,641
n1000-30,50000,2,2,1,43,0,0,0,-1,0,0,23587,24580,20165,10732,10566,10757,1800,1775,10732,384,757,501
n1000-31,150000,2,3,1,34,-1,-1,-1,-1,-1,-1,772,337,618,150,150,377,340,618,150,150,227,0
n1000-32,170000,2,1,2,28,2,2,2,2,2,2,131864,133897,129761,138604,136283,145012,5600,0,11000,0,11000,5656
n1000-33,120000,1,1,2,32,1,-2,-2,-2,-2,-2,0,0,0,0,0,0,0,0,0,0,0,0
n1000-34,70000,1,1,3,57,0,0,0,0,0,0,69398,70352,69936,68118,65942,62495,2667,2321,2391,2316,2466,1451
n1000-35,210000,1,3,1,29,1,2,0,0,0,0,198510,194040,199393,194538,195990,194136,0,10000,7000,8000,8000,7200
n1000-36,50000,2,2,2,23,0,0,0,2,2,2,47053,47835,51109,51713,52738,48789,1842,4116,2000,1950,0,1885
n1000-37,230000,2,2,1,34,0,0,0,0,0,0,234328,234211,157345,155335,153427,150514,8913,5449,5339,5370,4435,4432
n1000-38,360000,1,1,2,33,1,2,0,0,-1,-1,71195,60553,60158,16672,35039,8320,0,1399,0,35039,8320,5169
n1000-39,80000,1,3,1,62,-1,-1,-1,-1,-1,-1,1262,1642,1975,672,5112,3932,1642,1975,672,5112,3932,20289
n1000-40,50000,1,2,2,27,2,2,0,0,0,0,23901,13262,8643,7382,1975,50514,4146,1200,0,0,49800,0
n1000-41,350000,2,1,1,52,2,2,7,7,7,7,2400,2400,2400,2400,2400,2400,0,0,0,0,0,0
n1000-42,70000,1,3,2,28,1,2,0,0,0,0,68970,67308,68582,68361,68060,68223,0,3005,2546,2602,2430,2659
n1000-43,20000,2,1,2,23,0,0,-2,-1,0,0,6733,0,0,19132,19533,20235,0,0,19132,709,1027,600
n1000-44,50000,2,3,2,30,0,0,2,0,0,0,50332,51247,50073,26550,25842,25996,4210,0,1500,1090,2000,2000
n1000-45,330000,2,2,1,28,-1,-1,-1,-1,-1,-1,390,0,780,150,320,780,0,780,150,320,1000,0
n1000-46,130000,1,1,2,30,0,0,0,0,0,0,4536,5616,6455,6791,6991,0,1161,1000,336,200,0,0
n1000-47,50000,2,2,1,27,0,0,0,0,0,0,9877,10800,5921,6042,4012,0,1140,1000,121,0,0,10620
n1000-48,390000,1,1,1,41,0,0,0,0,0,0,495559,248821,216051,208373,199727,186332,10218,8035,7035,6056,8053,5603
n1000-49,50000,2,3,1,22,0,0,0,0,-1,0,22854,31329,23927,0,83,20083,9000,1507,0,83,20000,600
n1000-50,360000,1,1,2,36,-1,-1,-1,0,0,0,356913,208305,68214,168014,16209,18918,210000,170000,1.00E+05,3000,3000,5000
n1000-51,120000,1,1,2,27,-1,-1,-1,-1,0,0,316,316,1360,9474,10158,2551,316,1360,10000,1000,2000,3000
n1000-52,1.00E+05,1,3,1,44,-1,-1,-1,-1,-1,-1,780,0,390,390,390,390,0,390,390,390,390,390
n1000-53,60000,2,3,1,50,0,0,0,0,0,0,61600,61952,60661,29095,17636,31406,3300,2000,900,889,21500,3600
n1000-54,90000,2,2,2,24,-1,0,0,0,0,0,17524,22184,23270,27372,31905,34954,5000,5000,5000,5000,3600,2000
n1000-55,180000,2,2,1,39,-1,-1,-1,-1,0,-1,1081,148,148,296,148,148,148,148,296,0,148,1495
n1000-56,2.00E+05,2,2,1,30,1,-2,-1,0,0,0,26223,-137,73284,65428,65820,2859,0,73421,1309,392,2859,1250
n1000-57,160000,2,1,2,32,-2,-2,-2,-2,-2,-2,16922,2552,0,0,0,0,2555,0,0,0,0,0
n1000-58,130000,2,2,2,25,-1,-1,-1,-1,-1,-1,1031,1583,776,776,776,776,1583,1000,776,776,776,12184
n1000-59,240000,2,2,1,42,0,0,0,2,0,0,21943,36519,55515,49049,57178,42009,15000,20000,3330,30000,10000,10000
n1000-60,40000,2,1,2,26,0,0,0,0,0,0,12308,13604,14873,15624,15972,16308,1500,1500,1000,600,600,1700
n1000-61,170000,2,2,1,50,0,0,0,0,0,0,177956,176155,171665,65479,61234,42484,7262,5586,2272,2998,39321,1390
n1000-62,220000,2,1,2,36,-2,-2,-2,-2,-2,-2,0,420,0,584,790,0,420,0,584,790,0,1309
n1000-63,120000,2,2,2,30,0,0,0,0,0,0,16812,17571,18013,18197,9032,11951,1358,1126,636,650,4000,1800
n1000-64,50000,1,3,1,46,-1,2,2,-2,-2,-2,13473,12800,0,0,0,0,0,0,0,0,0,0
n1000-65,290000,2,1,2,24,-2,-2,-1,-1,-1,0,14931,15090,19239,4940,93332,96112,15090,19239,4975,96151,5500,4000
n1000-66,2.00E+05,1,1,2,34,1,-2,-2,-2,-2,-2,-800,-2685,-6144,-7905,-10213,-11060,0,0,0,0,0,0
n1000-67,80000,2,2,2,40,0,0,0,0,0,0,78717,75873,68602,54617,55987,53895,3300,3300,2000,2200,2100,1900
n1000-68,30000,2,2,2,47,2,2,2,2,2,2,16039,17080,17302,17521,17893,18252,1600,800,800,800,800,0
n1000-69,340000,1,2,1,41,0,0,0,0,0,0,331003,332829,274467,275341,280913,270448,15110,11019,9502,9579,9026,8719
n1000-70,70000,1,1,2,30,2,2,0,0,0,0,34985,34146,35271,35986,36905,37641,0,2000,1300,1500,1500,1576
n1000-71,20000,2,2,1,42,2,0,0,0,0,0,12426,13143,14152,14435,14802,15256,1225,1234,517,600,700,710
n1000-72,80000,1,2,2,30,0,0,0,0,0,0,69392,64149,53200,29707,28427,10072,3046,1874,2000,1000,1000,199
n1000-73,170000,1,2,1,37,-1,-1,-1,-1,-2,-1,490,-10,4910,0,0,1000,0,4920,0,0,1000,1030
n1000-74,260000,2,2,1,34,0,0,0,0,0,0,135489,138509,138076,110044,111906,104073,5007,5003,5004,4052,4010,3835
n1000-75,160000,2,2,1,34,2,2,2,0,0,0,77290,72681,66526,66893,66637,67877,4500,2500,3000,3000,4000,2305
n1000-76,210000,1,1,1,40,-1,-1,-1,-1,-1,-1,6223,8143,3712,3091,90817,308,8146,3719,3091,90817,308,3369
n1000-77,360000,2,1,1,46,1,-1,2,2,-1,-1,-200,2716,200,0,12140,42424,2916,0,0,12140,42424,19825
n1000-78,2.00E+05,2,2,2,39,7,6,5,4,3,2,195156,190843,186029,181866,179272,148704,0,0,0,39,85,3054
n1000-79,320000,1,1,2,32,-1,2,-1,-1,-2,-2,752,169,1940,0,0,0,0,1948,0,0,0,0
n1000-80,30000,1,2,2,24,2,0,0,0,2,2,25851,26912,27535,29175,28625,30383,1779,1402,2042,0,2192,0
n1000-81,2.00E+05,1,2,2,25,1,-2,-2,-1,0,0,0,0,0,1517,48669,49635,0,0,1517,48000,1775,1992
n1000-82,2.00E+05,1,2,1,46,1,-1,-1,-1,-1,-1,0,552,2523,2327,2308,0,552,2531,2327,2308,0,0
n1000-83,50000,1,3,1,36,0,0,0,0,0,0,74969,76012,77330,70579,63751,56977,2846,2671,2396,2177,2146,2055
n1000-84,1.00E+05,2,1,1,35,2,0,0,2,2,2,47253,49489,53034,53568,54563,56013,3000,5000,2000,2000,2500,2300
n1000-85,160000,2,2,1,28,0,0,0,0,0,0,54232,55456,56625,57757,59424,60631,2100,2100,2500,3000,2200,2200
n1000-86,30000,2,1,2,22,-1,-1,-1,0,0,-2,3963,6222,2936,588,0,0,6222,2936,0,0,0,0
n1000-87,130000,2,1,2,32,1,-2,-1,-1,-2,-1,0,0,3726,0,0,1300,0,3726,0,0,1300,5400
n1000-88,50000,2,2,2,28,-2,-2,-1,0,0,0,13733,5570,2698,4640,6554,8434,2037,2698,2000,2000,2000,2000
n1000-89,180000,2,3,1,47,-1,0,0,0,0,0,14525,13828,10394,17562,8495,5090,1347,5000,10026,5000,785,5000
n1000-90,250000,2,2,2,40,-2,-2,-2,-2,-2,-2,0,1069,-320,-320,1680,4058,1069,320,0,2000,4058,3000
n1000-91,190000,1,2,1,39,0,0,0,0,0,0,144414,145572,142816,145463,147475,149853,7000,6000,6000,5500,6000,5500
n1000-92,50000,1,1,2,23,1,-2,-2,-2,-2,-2,0,0,0,0,0,0,0,0,0,0,0,0
n1000-93,20000,2,2,1,45,0,0,0,0,2,0,14296,15321,16333,17434,17013,17500,1262,1274,1375,0,771,805
n1000-94,50000,2,1,2,24,4,3,2,2,2,2,38965,38063,38838,39598,40313,41293,0,1700,1700,1500,1800,1700
n1000-95,80000,2,1,2,26,0,0,0,0,0,0,66982,66130,67489,68535,66835,64962,2986,3056,2787,2745,2564,2926
n1000-96,20000,1,2,2,25,0,0,0,0,0,0,13610,14160,15200,14800,17800,10000,1360,1400,0,3000,200,0
n1000-97,20000,1,1,1,29,0,0,0,-1,-1,-1,16961,16365,9342,556,19967,1742,2000,1139,556,20191,1742,0
n1000-98,170000,2,2,1,33,0,0,0,0,0,0,172382,173101,171158,121399,118539,121276,6558,6316,3828,3569,3959,3997
n1000-99,50000,2,2,1,38,0,0,2,0,0,0,20838,23204,22538,22864,23495,24100,3000,0,1000,1000,1000,1000
n1000-100,30000,1,3,2,25,2,2,2,0,0,2,22440,24168,23481,23950,25659,25098,2390,0,859,2097,0,1092
n1000-101,20000,1,2,2,22,0,0,2,0,0,0,8134,9992,10526,11049,11865,12665,2000,1000,1000,1000,1000,8100
n1000-102,80000,2,3,1,33,-1,-1,0,-1,-1,-2,325,107,1107,1338,0,0,107,1000,1338,0,0,1080
n1000-103,140000,2,2,2,35,1,2,0,0,0,0,148305,141907,141940,113028,112667,112318,0,7000,3923,4000,4100,4788
n1000-104,90000,2,3,1,40,-1,-1,-1,-1,-1,-1,3569,7319,7608,1720,45000,0,7385,7608,1720,45000,15000,1543
n1000-105,50000,2,2,2,22,-2,-1,0,0,0,0,836,10214,10057,9221,8808,3861,10214,2000,0,423,3861,3665
n1000-106,420000,1,2,2,28,0,0,0,0,0,0,22872,23309,24612,25400,26333,27887,1700,2000,1500,1500,2000,1567
n1000-107,30000,2,1,2,22,-1,-1,2,0,0,0,14885,16579,17498,25032,25626,27191,1939,1500,8213,1000,2000,3200
n1000-108,50000,1,2,2,35,0,0,0,0,-1,-1,14536,10827,9594,7309,1277,3310,2000,2000,2000,1277,3294,0
n1000-109,30000,2,1,1,30,2,2,2,3,2,2,12109,12917,13909,13394,13036,15019,1300,1500,0,0,2200,0
n1000-110,1.00E+05,2,2,2,39,0,0,-1,0,0,-1,24110,10497,20159,7053,0,1120,2000,20159,500,0,1120,1909
n1000-111,30000,2,3,1,29,2,2,2,2,2,0,26836,28894,30571,31011,30389,30115,2500,2670,2000,0,1000,1000
n1000-112,120000,1,2,2,34,0,0,0,0,0,2,131773,58259,54699,54832,53693,48731,3000,1944,5000,3692,0,2000
n1000-113,180000,2,3,2,24,1,-1,-1,-1,-2,-1,0,35300,1000,0,0,1245,35300,1000,0,0,1245,0
n1000-114,80000,2,2,1,30,0,0,0,0,0,2,42755,45053,46104,48327,53549,52457,3000,1800,3000,6000,2900,2000
n1000-115,360000,1,1,1,46,-1,-1,-1,-1,0,0,2171,1063,91502,100125,84773,76951,1068,91679,45086,2223,2091,9890
n1000-116,240000,2,1,2,40,-1,2,2,-2,-1,-1,1841,764,-13,-13,687,-44,2,0,0,700,0,0
n1000-117,240000,1,2,1,37,-1,-1,-1,0,0,0,2208,5652,34351,22241,8472,500,5665,35000,8877,500,0,21257
n1000-118,440000,2,3,1,40,0,0,0,0,0,0,54408,57901,61914,65863,69792,73346,5000,5000,5000,5000,5000,5000
n1000-119,290000,2,2,2,25,0,0,0,0,0,0,71559,66658,68627,61578,59274,61314,2500,3000,3000,3000,3000,3000
n1000-120,80000,2,1,1,45,0,0,0,0,0,0,81133,81466,80822,79207,79652,81165,3502,3000,4000,3100,3000,3000
n1000-121,340000,1,2,1,35,0,0,0,0,0,0,39229,40747,41930,43397,44710,46143,2000,2000,2000,2000,2000,2000
n1000-122,30000,2,2,2,24,2,2,3,3,3,3,1050,1050,1050,1050,1050,1050,0,0,0,0,0,0
n1000-123,80000,2,3,2,34,1,-2,-2,-2,-2,-2,0,0,0,0,0,0,0,0,0,0,0,0
n1000-124,1.00E+05,2,2,1,38,1,2,0,0,2,0,12893,12447,14967,16773,16427,19053,0,3000,2000,0,3000,2000
n1000-125,220000,2,3,2,27,2,2,2,3,2,0,150739,153827,156531,154721,150627,154034,7000,7000,2300,0,5600,4500
n1000-126,130000,1,1,2,28,0,0,0,0,0,0,89418,83196,75028,65086,60346,52272,4000,2338,2000,2018,2000,1700
n1000-127,120000,2,1,2,28,-1,-1,2,0,0,-1,200,1986,1117,425,-267,1451,1986,0,0,0,2210,0
n1000-128,30000,1,5,2,23,-2,-1,-1,-1,0,0,2700,899,-1581,28419,29016,30908,899,0,30000,1055,2376,0
n1000-129,240000,2,1,1,54,0,0,0,0,2,0,60381,64395,66323,70422,69170,71018,5000,3000,5200,0,3000,5400
n1000-130,430000,2,1,2,33,0,0,0,0,2,2,40984,37873,34499,28300,24237,12860,10000,5000,10000,0,4000,10000
n1000-131,130000,2,2,2,28,-1,-1,-1,-1,-1,-1,390,7412,390,4134,540,390,7412,390,4134,540,390,2596
n1000-132,50000,2,2,1,24,0,0,0,0,0,0,49387,50284,50639,48563,49628,48293,2000,1727,1846,1777,1665,1500
n1000-133,50000,1,3,2,26,2,0,0,0,0,0,50951,49139,46802,47622,48686,47459,2500,2100,1900,2000,1746,1890
n1000-134,260000,1,2,2,44,0,0,0,0,0,0,36048,37157,38040,33882,34589,35397,1688,1571,1213,1253,1381,1166
n1000-135,90000,2,2,2,23,2,2,2,2,2,2,18168,17593,19492,18884,21410,21841,0,2500,0,3000,930,0
n1000-136,360000,2,1,2,28,-2,-2,-2,-2,-2,-2,2400,2500,0,0,0,0,2500,0,0,0,0,0
n1000-137,230000,2,1,1,38,0,-1,-1,-1,-1,-1,12907,316,1156,316,316,316,316,1156,316,316,316,316
n1000-138,110000,2,2,2,33,0,0,0,0,0,0,107028,106818,108730,112035,48492,43413,4000,3783,6488,4850,2000,6446
n1000-139,30000,2,2,1,27,2,2,2,2,2,2,27896,26835,28690,27633,29184,28776,0,2659,0,2309,1087,0
n1000-140,150000,1,2,1,39,0,0,0,2,2,2,76415,78836,87265,85084,93323,91783,4150,10575,0,9717,0,3300
n1000-141,120000,1,2,2,49,0,0,0,0,0,0,38878,39917,32048,29131,30288,30192,2000,2000,2000,3000,3000,5000
n1000-142,80000,2,1,2,23,0,0,0,0,0,0,23998,17442,15948,17118,9883,8689,3150,2000,6000,500,304,500
n1000-143,290000,1,1,1,63,0,0,0,0,0,2,183800,187658,193030,195356,207180,211614,6820,8500,7020,15000,8000,0
n1000-144,50000,1,2,2,25,0,0,-1,-1,-1,0,11014,11092,692,1184,24119,24027,1402,694,1186,34029,1002,1023
n1000-145,320000,2,1,1,34,-2,-2,-2,-2,-2,-2,11317,2612,1265,3031,13001,8807,2617,1265,3031,13001,8807,4003
n1000-146,310000,2,1,1,37,-1,-1,-1,-1,0,-1,325,4373,26863,7443,4221,8172,4373,26863,7443,0,8172,31362
n1000-147,180000,1,2,1,35,-1,-1,-1,-1,-1,-1,1099,1099,1099,1099,0,1099,1099,1099,1099,0,1099,0
n1000-148,80000,1,2,1,30,0,0,0,0,0,-1,110692,105273,103223,97871,38640,14734,3500,4000,2600,3000,19707,50000
n1000-149,50000,2,1,2,25,1,-2,-2,-2,-2,-1,0,0,0,0,0,550,0,0,0,0,550,0
n1000-150,90000,1,2,1,35,8,7,6,5,4,3,112662,111077,108539,106001,103816,101878,0,0,0,0,0,0
n1000-151,260000,2,1,2,29,-2,-2,-2,-2,-1,-1,1476,1476,1476,1476,20976,1476,1476,1476,1476,20976,1476,1476
n1000-152,50000,1,1,2,38,-1,-1,-1,-1,-1,-1,390,390,390,390,390,5010,390,390,390,390,5010,390
n1000-153,280000,2,1,2,32,0,0,0,0,0,0,202506,197855,239059,282518,248238,210267,10547,80004,68410,7767,6308,5437
n1000-154,160000,2,1,1,39,0,0,2,0,0,0,43583,50028,48928,49812,50855,52354,7500,0,2000,2000,2500,2100
n1000-155,120000,2,2,1,40,0,0,0,0,0,0,22462,15692,19312,13262,16923,16903,5000,10000,5000,7000,5000,10000
n1000-156,2.00E+05,1,1,1,45,1,-1,-1,-2,-2,-2,0,479,0,0,0,0,479,0,0,0,0,0
n1000-157,20000,1,2,2,24,1,2,2,2,2,2,11893,12906,12902,12398,13297,12934,1500,500,0,1100,0,1500
n1000-158,230000,2,1,2,30,-1,-1,-1,-1,-1,-1,754,-441,4410,0,711,5650,0,4851,0,711,5650,0
n1000-159,50000,1,1,1,25,0,0,2,0,0,0,5472,5891,6595,8400,4041,4815,1500,1000,2000,1000,1000,2000
n1000-160,50000,1,2,3,41,0,0,0,0,0,0,52260,40893,81308,41463,40045,40845,1679,1640,1449,1454,1466,1526
n1000-161,30000,2,2,1,30,0,0,0,-2,-2,-2,14451,15525,0,0,0,0,1525,0,0,0,0,0
n1000-162,60000,2,2,2,26,0,0,0,0,0,0,56146,56929,55009,30181,41528,21069,2314,1459,914,1900,800,932
n1000-163,250000,1,1,2,30,-2,-2,-2,-2,-2,-2,2729,2538,6244,1297,1763,1907,2543,6247,1300,1766,1912,1000
n1000-164,60000,2,2,1,33,0,0,0,0,0,0,54660,49907,44057,27510,28086,29119,1879,1500,1000,1019,1500,1000
n1000-165,30000,1,3,2,46,3,2,0,0,0,0,13784,13277,13984,14350,14650,15156,0,1234,600,532,750,825
n1000-166,50000,2,5,2,42,0,0,0,0,0,0,50806,48798,29003,28911,28601,29215,1545,1454,1019,1039,1091,1015
n1000-167,20000,1,3,1,56,1,2,0,0,2,2,8766,8481,13318,15096,14717,16159,0,5000,2000,0,2000,0
n1000-168,5.00E+05,1,1,1,50,1,2,2,2,2,2,74850,76463,77611,78735,80430,82068,3400,3000,3000,3100,3110,0
n1000-169,20000,2,1,2,24,0,0,-1,-1,-2,-2,16199,0,187,-18,-18,-18,0,187,0,0,0,0
n1000-170,120000,2,1,2,27,0,0,0,0,0,0,70835,59986,60779,62958,57763,53004,3000,2500,3000,2000,2000,2500
n1000-171,50000,1,3,1,53,0,0,0,0,0,0,41674,40012,31089,14638,13577,16333,1660,1612,652,1300,3000,2500
n1000-172,1.00E+05,2,2,1,38,1,-1,-1,-2,-2,-1,0,199,0,0,0,150,199,0,0,0,150,550
n1000-173,50000,1,2,2,51,0,0,0,0,0,0,50383,49073,31036,20061,19710,19687,2304,2224,19691,1000,725,1000
n1000-174,210000,2,1,1,34,0,0,0,0,0,0,200239,195025,165356,116351,95854,91173,9510,7000,10079,4500,3532,3500
n1000-175,280000,2,1,2,31,-2,-2,-2,-2,-2,-2,326,326,0,326,652,0,326,0,326,652,0,652
n1000-176,180000,2,1,1,40,-1,0,0,0,-1,0,4236,6614,6216,3622,4095,6596,3016,3000,1622,4095,3000,2827
n1000-177,50000,2,1,2,31,0,0,0,0,0,0,30291,31498,32205,32846,33535,34201,2000,1534,1175,1218,1224,1281
n1000-178,50000,1,2,2,23,2,2,-1,0,0,0,49365,48927,49543,19649,20064,19691,1200,50189,682,710,690,693
n1000-179,50000,2,2,2,31,0,0,0,0,0,0,45861,47667,48119,8257,8037,9470,3687,5000,1000,309,2000,1000
n1000-180,2.00E+05,1,1,1,63,-1,-1,-1,-1,-1,-1,316,316,316,316,316,316,316,316,316,316,316,316
n1000-181,180000,2,2,1,40,0,0,0,-2,-2,-2,20831,1537,-43,-43,-43,-43,1000,0,0,0,0,0
n1000-182,320000,1,2,2,27,0,0,0,0,0,0,319069,323319,298072,180882,175560,131390,12661,11157,5730,5904,5890,2464
n1000-183,80000,2,1,1,50,1,-2,-2,-2,-2,-2,0,0,0,0,0,0,0,0,0,0,0,0
n1000-184,270000,2,2,1,33,-1,-1,-1,-1,-1,0,11489,8874,3567,1556,7952,10794,8874,3567,1556,7952,4000,2000
n1000-185,150000,1,2,2,26,0,0,0,0,0,0,144614,146446,122634,74711,76532,76452,6700,3764,2700,3000,3000,2800
n1000-186,90000,1,2,2,28,2,0,0,0,2,2,18978,20675,23329,24940,24404,27227,2000,3000,2000,0,3400,0
n1000-187,180000,1,1,1,50,0,0,0,0,0,0,181624,182765,180769,141352,142078,141695,9021,6126,4856,4990,5133,5002
n1000-188,70000,2,2,2,28,1,2,2,2,0,0,70736,72014,72215,70779,62525,71427,3000,2200,0,3000,10000,10000
n1000-189,30000,2,2,2,25,-1,2,2,0,0,0,4471,5747,5509,6260,7654,8522,1500,0,1000,1500,1000,800
n1000-190,150000,2,3,2,25,1,-2,-2,-1,-1,-1,0,0,0,900,0,583,0,0,900,0,583,2000
n1000-191,290000,2,2,1,55,1,-2,-1,-1,-1,2,0,166,2462,-150,1134,777,166,2462,150,1833,0,500
n1000-192,450000,2,1,1,42,-1,-1,-1,-1,-1,-1,72517,0,6281,3446,6157,0,0,6281,3446,6157,0,14380
n1000-193,50000,1,3,1,39,0,0,0,0,0,0,26979,21029,18765,19145,19229,19026,1328,1298,678,687,691,700
n1000-194,5.00E+05,1,1,2,33,-1,-1,-1,-1,-1,-1,3933,5924,39167,4683,7222,35746,5954,39373,4706,7259,35924,5750
n1000-195,360000,2,2,1,49,-1,-1,-2,-2,-2,-2,15000,0,0,0,0,0,0,0,0,0,0,780
n1000-196,250000,2,3,1,55,0,0,0,0,0,0,296963,237684,178151,180993,155516,125063,8000,7400,9700,5100,4500,4012
n1000-197,20000,1,2,1,27,0,0,2,0,0,0,17062,19248,18181,18156,19102,17363,2850,0,514,2000,1000,1570
n1000-198,130000,2,3,2,27,0,0,0,0,0,0,129150,105529,107691,108418,115638,117958,5300,5400,4000,9000,4400,4500
n1000-199,360000,2,1,1,31,-1,-1,-1,-1,-1,-2,460,460,460,399,0,0,460,460,399,0,0,0
n1000-200,50000,1,2,1,48,1,2,2,2,2,0,17613,18334,17742,19273,18826,19213,1298,0,1829,0,849,822
n1000-201,20000,2,2,2,24,2,2,2,2,-1,-1,6270,8284,8000,0,186,3314,2284,0,0,186,3314,3515
n1000-202,50000,1,3,1,50,2,0,0,0,0,0,48607,49540,49583,19695,20004,19904,2100,1500,1000,1000,1000,700
n1000-203,50000,2,2,2,26,0,0,0,0,0,0,29356,30483,31180,18401,18785,19248,1603,1300,658,680,773,524
n1000-204,2.00E+05,2,3,1,46,-1,-1,-1,-1,-2,-2,1207,5590,2500,0,0,0,5590,2500,0,0,0,0
n1000-205,50000,2,2,1,26,-1,-1,-1,-1,-1,-2,1902,782,0,4699,0,0,782,0,4699,0,0,0
n1000-206,80000,1,1,2,27,0,0,0,0,0,0,72565,63342,51529,41484,34097,29200,10000,4000,2000,3000,2500,0
n1000-207,5.00E+05,1,1,2,36,-1,-1,-1,0,0,0,2450,1038,34741,20409,23804,22697,1100,35157,3000,5000,5000,5000
n1000-208,80000,2,3,1,33,0,0,0,0,0,0,78428,76513,74383,48315,48831,48950,3373,7248,2980,2000,1903,1851
n1000-209,20000,2,2,1,26,1,-2,-2,-2,-2,-2,0,0,0,0,0,0,0,0,0,0,0,0
n1000-210,70000,2,3,1,47,0,0,0,0,0,0,71392,70757,71451,70654,70965,71373,3200,3400,2900,2750,3152,2700
n1000-211,50000,2,2,1,47,0,0,0,0,0,0,50732,50713,45549,40043,39844,39599,2000,2106,1600,1606,1581,2000
n1000-212,180000,2,2,1,60,2,2,2,0,0,0,178854,177159,177477,176197,170173,139649,2600,5022,5000,6000,7000,6000
n1000-213,150000,2,2,2,23,0,0,-1,0,0,-2,15952,29836,1860,1535,0,0,20039,1860,0,0,0,0
n1000-214,220000,1,2,2,39,-1,-1,0,0,0,0,3553,15696,17257,21624,26246,30781,15696,5000,5000,5000,5000,5000
n1000-215,2.00E+05,2,1,2,32,-2,-2,-2,-2,-2,-2,2580,-35,3519,1846,1330,14470,0,3554,1855,1337,14542,2955
n1000-216,170000,2,1,2,53,-2,-2,-2,-2,-2,-2,-200,-200,-200,0,2769,0,0,0,200,2769,0,0
n1000-217,250000,2,1,2,28,0,0,0,0,0,0,273927,211551,132145,88487,66701,52054,21700,11710,6030,9150,11600,48930
n1000-218,450000,1,1,2,37,0,0,0,0,0,0,16259,15026,17363,11708,11329,4749,6000,4000,6000,5000,2000,2092
n1000-219,10000,1,2,2,21,0,0,0,0,0,0,9042,10038,9784,9984,9780,0,1305,1000,200,196,0,0
n1000-220,120000,2,2,2,48,0,0,0,0,0,-1,116183,116394,113245,48888,40241,49923,5078,2657,978,805,52169,1600
n1000-221,260000,2,1,2,29,1,2,0,0,0,0,234922,227802,215320,177965,171201,164834,6,6918,5295,4805,5002,3005
n1000-222,170000,1,1,1,35,0,0,0,0,0,0,51207,38528,34688,30542,61032,23711,5000,2000,3000,1000,6000,8753
n1000-223,260000,1,3,1,50,2,0,-1,0,-1,-1,655,1182,1076,696,1012,530,1076,1076,0,1012,530,696
n1000-224,280000,1,1,1,63,-2,-2,-2,-2,-2,-2,0,0,0,0,0,0,0,0,0,0,0,0
n1000-225,130000,2,2,1,33,0,-1,0,0,-1,-1,9768,8480,2420,0,682,0,8486,1001,0,682,0,0
n1000-226,180000,1,2,2,37,-1,-1,0,0,0,-1,8788,40927,28306,31578,21195,11776,40970,1210,10015,10009,11783,110306
n1000-227,50000,2,2,1,41,2,2,2,0,0,0,36329,36711,28415,18459,16077,12428,3406,0,640,660,296,60
n1000-228,1.00E+05,2,2,2,25,2,0,0,0,0,0,88420,89705,91943,71201,69804,71088,3600,4000,2500,2700,2600,2600
n1000-229,2.00E+05,2,2,2,29,0,0,2,0,0,0,69412,69878,64222,50518,44892,76088,4012,2008,3008,9056,36100,22500
n1000-230,3.00E+05,2,2,2,26,0,-1,-1,-1,0,0,11342,9670,2615,10170,7200,7200,9670,2615,10170,0,0,908
n1000-231,140000,1,2,2,55,0,0,0,0,0,0,162452,164055,141301,99115,101597,101290,5000,140000,4000,4000,4000,4000
n1000-232,30000,2,3,1,46,2,2,2,2,3,2,22352,23392,23908,24815,24133,25087,1700,1200,1600,0,1500,0
n1000-233,240000,2,1,1,45,1,-2,-2,-2,-2,-2,0,0,0,0,0,0,0,0,0,0,0,0
n1000-234,220000,2,1,1,36,0,0,0,0,0,0,210475,216513,196219,200117,204312,208373,9639,7123,7162,7419,7462,8621
n1000-235,310000,2,2,1,29,0,0,0,0,0,0,182202,162547,140911,111881,78759,78877,5118,3758,3901,2206,3089,3023
n1000-236,30000,2,3,2,47,0,0,0,0,0,0,25262,24365,5160,6160,5780,4790,1518,1000,1000,0,1000,0
n1000-237,3.00E+05,1,1,1,54,0,0,-2,-2,-2,-2,234589,0,0,0,0,0,0,0,0,0,0,0
n1000-238,120000,2,1,2,27,-1,0,0,0,0,0,22027,51757,113157,106767,30237,-1280,35000,1.00E+05,0,0,0,2750
n1000-239,60000,2,3,3,48,0,0,2,2,-1,0,53116,55950,54439,-561,20115,20000,3689,0,0,20907,400,0
n1000-240,50000,2,3,3,55,-1,-1,-1,0,0,2,390,390,911,1080,930,390,390,911,559,390,0,390
n1000-241,2.00E+05,2,5,1,36,-1,-1,-1,-1,-1,-1,2353,2957,738,4152,2866,1414,3011,747,4164,2874,1418,2148
n1000-242,20000,2,2,2,25,-2,-2,-2,-2,-2,-2,7666,6664,6598,6632,6666,6666,6664,6600,6700,6700,6666,6982
n1000-243,60000,2,2,2,24,2,2,2,0,0,2,60270,65005,63309,62369,64603,66584,5706,0,2250,5000,4800,0
n1000-244,260000,1,1,1,51,1,-2,-2,-2,-2,-2,-200,-200,-200,6682,1718,1512,0,0,6882,1734,1512,0
n1000-245,50000,1,2,2,24,1,3,3,2,2,0,53890,54084,52026,51899,50836,47828,2200,0,1800,105,2300,1600
n1000-246,3.00E+05,2,1,1,51,-1,-1,-1,-1,-2,-2,311,830,225,0,0,0,832,225,0,0,0,0
n1000-247,350000,2,1,2,44,3,2,2,2,2,2,314607,322032,327193,333278,340791,348006,14000,12000,13000,13000,13000,12200
n1000-248,260000,2,1,2,36,-1,-1,-2,-2,-2,-1,2992,0,0,0,0,150,0,0,0,0,150,310
n1000-249,250000,2,1,1,30,-1,-1,-1,2,-1,-1,1923,-574,2533,1607,56694,58091,900,4500,0,57000,5000,0
n1000-250,210000,2,2,1,33,0,0,0,0,0,-1,8770,10972,22610,10161,5933,4164,6000,15042,5000,0,4164,816
n1000-251,60000,2,1,2,25,2,2,2,2,4,3,38050,39147,38223,43261,42009,41036,2000,0,6000,0,0,1400
n1000-252,360000,1,2,1,30,2,2,2,2,2,-2,2500,2500,2500,2500,0,0,0,0,0,0,0,0
n1000-253,140000,2,2,2,31,0,0,0,0,0,0,50822,52468,52238,53368,56488,58542,2473,2000,2000,4000,3000,2000
n1000-254,30000,2,3,1,54,0,0,0,0,2,2,17708,18734,19442,20741,21162,20671,1615,1323,1622,900,0,765
n1000-255,340000,2,3,1,49,-2,-1,-1,-1,-2,-2,20452,18816,24010,5320,16612,21373,18832,24099,5320,16612,21373,44729
n1000-256,180000,1,2,2,38,-1,-1,2,0,0,0,54198,54173,52687,52096,51508,50867,4400,0,2000,2000,2000,3000
n1000-257,20000,1,2,1,59,1,-1,0,0,-1,-1,-1213,30322,20033,19871,15410,18969,52082,15800,2000,20085,39070,25000
n1000-258,260000,2,1,1,49,1,-2,-2,-1,0,0,0,0,0,1180,1180,0,0,0,1180,0,0,0
n1000-259,170000,1,3,2,26,2,0,0,0,0,0,74453,66087,60649,61408,59390,57037,5020,3003,3009,2013,3041,3000
n1000-260,330000,1,1,2,32,0,0,0,0,0,0,162657,151305,138277,141453,112633,121242,5500,4723,5500,4000,10700,4500
n1000-261,150000,1,2,1,36,-1,-1,-1,0,0,-1,6750,15227,17610,19467,3173,1534,15227,17610,10055,0,1534,0
n1000-262,330000,1,1,2,31,0,0,-1,-1,0,0,163406,137664,3381,40635,40490,38431,7558,5000,42054,3000,2000,1100
n1000-263,2.00E+05,1,3,1,44,0,0,0,0,0,0,69106,70393,73220,74419,76078,77822,3000,4000,3000,3000,3000,3000
n1000-264,210000,2,2,1,48,-1,-1,-1,-1,-1,0,11876,11876,11876,11876,18954,11876,11876,11876,11876,18954,5000,11876
n1000-265,20000,1,1,2,24,-1,-1,-1,0,0,-2,4720,0,20200,20000,0,0,0,20200,0,0,0,0
n1000-266,50000,1,3,1,51,2,0,0,0,0,0,55028,50184,50391,19867,20154,18732,3000,1600,1000,1000,1000,1000
n1000-267,50000,2,2,2,24,0,0,0,0,0,2,45537,46601,47276,48224,48760,48382,2100,1760,1707,2602,1000,1640
n1000-268,170000,1,1,1,40,0,0,0,0,0,0,171841,171014,168142,169821,173014,163570,7540,7540,6301,6517,6035,6435
n1000-269,20000,1,2,1,37,0,0,0,0,2,0,17214,9633,10944,11280,11011,7755,2248,1500,757,0,430,1000
n1000-270,230000,1,1,1,45,0,0,0,0,0,0,43885,44926,45941,46853,47834,48942,1749,1764,1676,1735,1902,2189
n1000-271,250000,2,2,2,26,0,0,0,0,0,-1,46467,17787,18852,24097,19152,1547,1500,1500,5645,500,1547,0
n1000-272,320000,2,2,1,44,-1,-1,-1,-1,0,-1,396,396,396,792,396,396,396,396,792,0,396,396
n1000-273,2.00E+05,2,1,2,42,-1,-1,-1,-1,-1,-1,1347,208,1582,3607,894,301,208,1677,3607,894,301,2457
n1000-274,210000,2,2,1,48,-2,-2,-2,-2,-2,-2,140,140,140,60,120,-20,140,140,60,200,0,0
n1000-275,310000,2,2,1,48,-2,-2,-2,-2,-2,-2,0,0,0,0,0,0,0,0,0,0,0,0
n1000-276,20000,1,3,1,45,0,0,2,2,2,2,10574,13097,12595,13157,12803,13851,3010,0,1070,0,1260,0
n1000-277,170000,2,2,1,43,0,-1,-1,-1,-1,-1,20699,11614,11487,14716,8172,8244,11614,11487,14743,8172,8244,13733
n1000-278,30000,1,2,2,33,0,-1,0,0,0,0,29574,26663,27731,56359,28847,13030,28000,2336,2000,2546,1000,0
n1000-279,230000,2,1,2,38,0,0,0,0,0,0,25195,28652,32838,35511,26828,19887,10000,15000,6120,10000,6000,4000
n1000-280,30000,2,1,2,36,1,2,0,0,0,0,25747,25048,26060,26578,27133,27783,0,1433,951,983,1099,750
n1000-281,230000,1,1,1,32,1,-2,-2,-2,-2,-1,0,0,0,0,0,150,0,0,0,0,150,990
n1000-282,260000,1,2,2,27,0,0,0,0,0,0,150943,149285,151779,135141,124475,107735,5501,5061,5000,5000,3900,3246
n1000-283,50000,1,2,2,24,0,0,0,0,0,0,10834,11771,12762,12769,13512,14772,1509,1500,605,1500,1500,3000
n1000-284,140000,2,2,2,32,0,0,0,0,0,0,136497,135505,137629,120147,122247,122574,5000,5000,4300,5000,5158,4200
n1000-285,80000,1,1,2,25,-2,-2,-2,-2,-2,-2,0,0,0,0,0,0,0,0,0,0,0,0
n1000-286,3.00E+05,1,1,2,29,1,-2,-2,-2,-2,-2,0,0,0,0,0,0,0,0,0,0,0,0
n1000-287,2.00E+05,2,1,2,31,0,0,0,0,0,0,191953,189147,191673,192051,193348,193337,6887,7019,7000,7200,7200,7000
n1000-288,50000,2,1,2,30,2,0,0,0,0,0,2989,4008,4861,4958,5244,8134,1228,1081,178,366,3156,0
n1000-289,50000,1,2,1,56,1,2,0,0,0,0,32134,30391,10725,10541,10052,10400,0,1159,365,448,600,0
n1000-290,140000,2,3,2,48,0,0,0,0,0,0,129915,132240,111948,58672,59199,54286,6000,3079,3000,2000,2000,56793
n1000-291,180000,2,1,2,26,2,2,0,0,0,0,182218,173980,262878,128739,130929,130437,0,5000,5000,4738,4915,4661
n1000-292,2.00E+05,2,3,2,33,-1,-1,-1,0,-1,-1,834,165,6682,16045,4679,280,165,6682,10000,4679,280,0
n1000-293,240000,1,1,1,37,0,0,0,0,0,0,222976,227463,220804,217991,221981,214320,8494,7762,7176,7505,7273,7509
n1000-294,50000,1,1,2,29,0,0,0,0,0,0,16303,47714,48916,19894,20572,21230,32000,2000,1000,1000,1000,2000
n1000-295,290000,2,1,2,28,0,0,0,0,0,0,42601,34927,32034,29620,29822,28502,5000,6010,5000,1200,2000,901
n1000-296,50000,1,2,1,40,0,0,0,0,0,0,50066,47636,9762,8620,9303,8693,1450,1500,400,1000,1000,2000
n1000-297,1.00E+05,2,2,1,39,-2,-2,-2,-2,-2,-2,0,0,0,7700,0,0,0,0,7700,0,0,0
n1000-298,180000,2,1,1,39,0,0,0,0,0,0,177893,134212,128505,130078,128771,106396,6200,6000,5000,5001,4100,3600
n1000-299,360000,2,2,1,51,-1,-1,-1,-1,-1,-1,19155,1473,1430,18697,659,781,1473,1430,18740,659,781,1557
n1000-300,1.00E+05,2,3,2,56,0,0,0,0,0,0,70048,67942,45591,39764,33091,34265,2200,1505,1300,1210,3000,2000
n1000-301,360000,2,1,2,42,-2,-1,-1,-1,-1,-2,45603,29788,2950,6366,11480,222,29882,2950,6366,11480,222,4285
n1000-302,2.00E+05,1,3,2,30,0,0,0,0,0,0,111053,112269,76726,72487,74108,67036,5020,4005,2800,3300,3000,2700
n1000-303,230000,1,1,2,43,-1,0,0,0,0,0,1156,10892,20039,29045,74551,92182,10000,10000,10000,1681,103197,3267
n1000-304,1.00E+05,1,3,2,36,2,0,0,0,0,2,38546,42298,42636,44728,49192,51391,4400,1028,3120,6218,4016,4536
n1000-305,230000,1,2,2,30,0,0,0,0,0,0,101832,92396,84297,49681,46224,44800,5000,4000,2029,2000,2500,1300
n1000-306,5.00E+05,1,1,1,45,-1,-1,-1,-1,0,-1,6197,4934,6783,11507,4883,5897,4969,6802,11523,14,5914,7622
n1000-307,50000,2,3,3,45,0,0,0,0,0,0,25649,22379,16670,8433,8609,8783,1347,1138,302,312,317,321
n1000-308,20000,2,1,2,23,0,0,2,0,0,0,6988,8310,10015,9195,9539,9574,1444,2000,329,492,342,354
n1000-309,50000,1,3,2,36,0,0,0,0,-2,-2,47911,48418,7000,0,0,0,2166,1000,0,0,0,0
n1000-310,30000,2,2,2,22,0,0,-1,-1,2,2,17358,-36,23114,24727,24192,25905,0,23150,2000,0,2119,0
n1000-311,2.00E+05,1,2,2,32,-2,-2,-2,-2,-2,-2,1473,1473,390,390,540,390,1473,390,390,540,390,0
n1000-312,220000,1,1,1,42,1,-2,-2,-2,-2,-2,0,0,0,0,0,0,0,0,0,0,0,0
n1000-313,50000,2,1,2,36,1,2,2,2,2,2,29003,29244,30827,31224,30587,32763,1000,2363,1200,0,2700,1157
n1000-314,110000,1,2,1,30,0,0,-1,2,2,2,26000,9000,63853,59308,60576,42784,1500,63853,1500,2062,0,7222
n1000-315,80000,2,2,2,34,1,3,2,0,0,-2,84054,82194,78715,26681,0,0,3,5,1075,0,0,0
n1000-316,2.00E+05,1,3,1,69,0,0,0,0,0,0,83858,66979,65728,64490,53186,52136,3207,3042,2100,2008,2508,2000
n1000-317,30000,2,3,1,45,1,2,2,2,0,0,29334,28198,29497,28268,30817,17219,0,2457,0,3000,344,0
n1000-318,170000,1,2,2,27,0,0,0,0,0,0,21958,22572,14549,10849,12509,64218,1300,2000,1000,2000,52292,2200
n1000-319,120000,2,3,1,54,0,0,0,0,0,0,67094,69010,70683,71504,73230,73613,3000,3000,2300,2600,2500,1500
n1000-320,2.00E+05,2,2,1,29,0,0,0,0,0,-2,204541,170572,80620,82300,0,0,7186,3900,3900,0,0,0
n1000-321,2.00E+05,1,1,2,29,-1,-1,-1,-1,-1,-1,99,99,99,99,99,348,99,99,99,99,348,0
n1000-322,280000,2,3,1,51,-2,-2,-2,-2,-2,-2,2158,0,0,0,0,0,0,0,0,0,0,0
n1000-323,190000,2,3,1,39,-1,-1,-2,-1,-1,-1,157,-1049,-2681,1975,2244,3294,0,0,6475,2244,2284,0
n1000-324,80000,2,2,1,24,-1,0,0,-1,-1,-2,1462,2472,0,492,0,0,1502,0,492,0,0,0
n1000-325,50000,2,2,2,27,0,0,0,0,0,0,46465,47776,47626,45227,29436,10363,2367,1606,1198,1196,343,154
n1000-326,150000,2,2,2,29,0,0,0,0,0,0,94409,92047,79088,81399,74009,65871,5000,5000,5000,6000,5000,4000
n1000-327,110000,2,2,2,24,-1,-1,-1,-1,0,0,1362,1352,1867,36986,40053,41196,1352,1867,36986,5000,3000,23000
n1000-328,2.00E+05,1,1,1,41,-1,-1,-1,-1,-1,-1,1378,-22,5440,-2,796,1390,0,5462,0,798,1394,3600
n1000-329,80000,2,2,2,25,-1,-1,-1,-1,-1,-1,3002,1921,13454,1807,3560,3337,1921,13454,1807,3560,3337,6240
n1000-330,210000,1,1,1,42,-1,-1,-1,-1,-1,-1,1729,1262,6867,2271,1054,1197,1315,6867,2271,1054,1197,701
n1000-331,120000,1,2,2,34,-1,-1,-1,-1,-1,-1,856,856,856,856,856,856,856,856,856,856,856,2664
n1000-332,180000,2,2,1,35,0,0,0,0,0,0,8694,7607,6801,6759,6918,9777,1500,2000,1000,3000,4000,2000
n1000-333,50000,2,2,1,52,0,0,0,0,0,0,15377,17121,17832,18532,19233,20650,2000,1300,1000,1000,2000,0
n1000-334,1.00E+05,2,1,2,25,0,0,0,0,0,0,11801,12905,14378,14838,15447,16539,1600,2000,1000,1000,1500,0
n1000-335,170000,2,1,2,35,-1,-1,-1,-1,-1,0,897,861,3749,1487,1939,588,861,3761,1495,1939,0,10613
n1000-336,50000,2,2,1,36,-2,-2,-2,-2,-1,-1,3477,1909,1726,991,5777,5968,1909,1726,991,5782,5968,2045
n1000-337,30000,2,2,2,24,0,0,0,2,0,0,18220,20606,22880,22217,23694,24151,3000,2620,0,2000,1000,1000
n1000-338,90000,2,1,2,31,0,0,2,0,0,-1,63872,66983,63070,1184,4154,3502,5003,0,1000,4000,3502,1400
n1000-339,1.00E+05,2,3,1,39,-2,-2,-2,-2,-2,-2,1890,24105,52262,9920,8633,53312,24105,52282,9920,8633,53312,4589
n1000-340,130000,2,2,1,37,1,2,2,2,0,0,67612,65997,70604,68904,70369,71682,0,6300,0,2700,2600,2800
n1000-341,140000,2,3,1,51,0,0,0,0,0,0,58213,60764,59949,40979,42339,43529,3500,2000,1447,2000,2184,2000
n1000-342,170000,2,1,2,24,0,0,0,0,0,0,171465,145196,110163,112157,106497,108832,18500,13998,3760,4000,12212,4200
n1000-343,220000,1,3,1,39,0,0,0,0,0,-1,192815,208365,88004,31237,15980,529,20000,5003,3047,5000,1000,81000
n1000-344,50000,1,2,2,27,0,0,0,0,0,0,46301,47731,46649,48020,49439,45771,2187,1700,2000,2044,1319,30000
n1000-345,70000,2,2,1,53,0,0,-1,-1,-2,-2,24645,0,14000,0,0,0,0,14000,0,0,0,0
n1000-346,180000,2,2,1,41,2,0,0,0,0,0,106944,78405,47542,44952,24904,26825,3500,2000,1500,2000,3000,3000
n1000-347,230000,2,1,2,32,1,-1,-1,-2,-2,-2,0,351,0,0,0,0,351,0,0,0,0,432
n1000-348,360000,2,1,1,37,-1,-1,-1,0,0,-1,4644,1417,3588,2589,1549,1278,1417,3588,0,0,1278,1998
n1000-349,1.00E+05,1,1,2,30,1,2,0,0,0,0,94432,92080,93046,94898,97763,99102,0,3400,3383,4380,4300,2497
n1000-350,70000,2,1,2,25,0,0,0,0,0,0,24526,25532,25971,14859,14930,15091,1790,1229,519,687,557,546
n1000-351,420000,2,2,1,47,1,-2,-2,-2,-2,-2,0,0,0,0,0,0,0,0,0,0,0,0
n1000-352,1.00E+05,1,2,1,51,3,4,3,2,2,2,56002,55557,54083,54601,55585,57027,1000,0,2000,2000,2500,0
n1000-353,80000,2,2,1,34,0,0,0,2,0,0,63343,65325,69261,67551,71282,72942,3000,5631,0,5000,3000,4500
n1000-354,5.00E+05,2,1,1,40,-1,-1,0,0,0,0,4240,80648,110704,99984,71135,56594,80648,35000,10000,10000,2430,10000
n1000-355,50000,1,3,1,45,-1,-1,2,-1,-1,-1,261,1305,1134,1073,1312,51,2305,0,1200,1500,0,0
n1000-356,50000,2,2,1,31,2,2,2,2,2,2,26441,28297,29532,28758,30287,31133,2600,2000,0,2000,1500,1500
n1000-357,30000,1,2,2,24,0,0,0,0,0,0,26573,26988,14964,15428,15612,16630,1500,1600,1000,569,1280,0
n1000-358,80000,2,2,1,34,2,2,2,0,0,0,17294,22256,21660,22055,22603,23133,5210,0,1000,1000,1000,1000
n1000-359,110000,1,2,1,35,0,0,0,0,0,0,112820,112134,110436,50175,50874,50730,4800,4108,4100,3000,1900,1800
n1000-360,180000,2,2,1,33,-1,-1,-1,0,0,0,506,0,174,1974,3462,4114,0,174,1800,2600,2000,3500
n1000-361,70000,2,2,1,51,2,2,2,2,2,2,43913,44911,45772,46611,47508,48476,2000,1900,1900,1800,1900,1900
n1000-362,50000,2,2,2,48,0,0,0,0,0,0,50894,49333,9923,10126,10113,10130,1385,1200,350,400,360,400
n1000-363,1.00E+05,2,2,2,31,0,0,0,0,0,0,32430,34169,36495,36910,37838,38457,2579,2905,1320,1522,1400,1419
n1000-364,30000,2,2,2,23,-1,-1,-1,-1,-1,-1,1393,1393,1393,1543,1596,2970,1393,1393,1543,1596,2970,0
n1000-365,140000,1,2,2,28,0,0,2,2,2,2,137706,118294,115038,119696,87930,96561,12300,0,8200,0,10000,0
n1000-366,50000,1,3,1,47,1,-2,-2,-2,-2,-2,0,0,0,0,0,0,0,0,0,0,0,0
n1000-367,110000,2,2,2,24,0,0,0,0,0,0,28956,33115,31752,30539,29468,33259,5000,2000,2000,2000,7000,2000
n1000-368,30000,2,2,2,31,0,0,0,0,0,0,28716,26570,26829,26839,27449,25125,2000,1600,1000,1000,1000,0
n1000-369,20000,2,3,1,45,0,0,0,0,-1,-1,16392,16367,12426,11449,341,20875,2000,2426,1000,407,21769,793
n1000-370,330000,1,1,2,37,-2,-2,-2,-2,-2,-2,0,0,0,0,0,1624,0,0,0,0,1624,0
n1000-371,120000,2,2,2,23,0,0,2,0,0,0,107934,123579,118117,77943,78834,76889,19000,8,3000,3000,3500,3500
n1000-372,230000,2,1,2,32,1,2,2,2,0,0,205498,210424,212979,207759,212014,225246,10000,7598,0,8000,17000,0
n1000-373,20000,1,2,1,35,0,0,0,0,0,-1,20139,19067,19787,19682,7468,2312,1480,1200,394,210,5546,0
n1000-374,170000,2,2,1,50,-1,-1,-1,-1,-1,-1,79210,660,15360,891,13460,32136,660,15360,891,13460,32136,0
n1000-375,110000,1,1,1,48,0,0,0,0,0,0,73472,75431,76296,77260,72907,63104,3139,2529,2348,2308,2180,1687
n1000-376,160000,2,2,2,32,0,0,0,0,0,0,156098,156259,155404,153234,156731,155818,6000,6000,5600,6000,6000,5500
n1000-377,180000,2,2,2,34,0,0,0,0,0,0,59076,50505,38547,63249,51437,45279,3000,3000,33000,2000,2000,2000
n1000-378,90000,2,2,1,39,-1,-1,-1,-1,-1,-1,27571,337,3734,-45,1905,22636,337,3740,38,1950,22636,0
n1000-379,170000,1,2,2,42,0,0,0,0,0,0,102141,100600,103156,94090,95922,99324,4002,5107,3600,3500,5000,3000
n1000-380,230000,2,1,2,31,0,0,0,0,0,0,20356,21504,21729,23113,22936,23378,1676,1700,2007,1000,1000,1000
n1000-381,140000,2,2,1,37,1,-1,-1,0,0,-2,0,177,1460,1460,0,0,177,1460,0,0,0,0
n1000-382,130000,1,3,2,53,-1,-1,-1,-2,-2,-2,7477,6519,1403,5773,2464,2108,6540,1411,5790,2571,2214,4172
n1000-383,20000,2,1,2,24,2,2,0,0,0,2,14750,14229,16438,16770,17995,17556,0,2773,605,1500,0,1456
n1000-384,50000,1,2,2,27,2,0,0,0,0,2,41932,38411,30659,30963,30505,28696,1600,1712,1016,2500,0,2848
n1000-385,360000,2,2,1,46,-1,-1,-1,-1,-1,-1,6402,13301,3762,7483,6399,9145,13389,3785,7527,6418,9187,15762
n1000-386,390000,2,2,1,31,0,0,0,0,0,-2,49667,33900,33545,16666,0,0,1700,17000,333,0,16666,13807
n1000-387,260000,2,3,1,52,0,0,0,0,0,0,207627,212821,214885,219204,223899,228279,8535,6430,6495,6849,6799,32430
n1000-388,130000,1,1,2,26,0,-1,0,0,0,0,4417,93163,90056,69832,46645,11869,105072,5000,3000,12000,10000,3500
n1000-389,150000,2,2,2,25,-2,-2,-2,-2,-2,-2,3303,125,7351,1279,0,0,125,7424,1279,0,0,0
n1000-390,10000,1,1,2,23,0,0,0,0,0,0,7684,8685,8557,7319,7650,8862,1300,1500,500,600,1500,0
n1000-391,80000,2,2,2,38,2,0,0,2,0,0,18733,20081,17245,13507,14479,14083,2000,2500,0,2000,2000,3000
n1000-392,2.00E+05,1,2,1,34,1,-2,-1,-1,-2,-2,0,0,188,0,0,0,0,188,0,0,0,0
n1000-393,1.00E+05,2,2,1,33,1,2,2,2,2,2,23384,22722,24909,24210,26103,27554,0,2569,0,2287,2028,0
n1000-394,140000,1,2,2,28,2,2,2,2,2,2,12642,13740,13818,13994,14222,14537,1600,600,700,600,700,600
n1000-395,210000,2,2,1,34,0,0,0,0,0,0,86792,88106,89419,88758,85239,81723,3319,3892,3184,3128,2944,2870
n1000-396,330000,2,2,2,27,0,0,0,0,0,0,237515,230471,233421,201240,186444,158521,11012,11012,6548,6497,6037,5141
n1000-397,20000,2,3,2,53,-1,-1,-2,-2,-1,-1,4400,-220,-220,-610,390,0,0,0,0,1390,0,780
n1000-398,20000,1,2,1,51,0,0,0,0,0,0,18321,18446,18285,18235,16259,10640,1355,1136,646,381,337,1251
n1000-399,5.00E+05,1,2,2,28,0,0,0,0,0,0,47399,48711,48642,49062,149034,181876,2361,1500,1128,100330,100486,2114
n1000-400,340000,2,3,1,40,0,0,0,0,0,0,183139,179156,170491,158370,151685,143623,9000,9000,7000,6000,5400,5000
n1000-401,150000,1,1,2,28,0,-1,-1,-1,0,0,123767,18479,7672,1736,82188,67578,20732,7672,1736,82178,5000,2600
n1000-402,390000,2,2,1,30,0,0,0,0,0,0,98984,102158,96446,87912,89991,91470,5700,4000,3200,3500,3100,3000
n1000-403,80000,1,1,1,33,0,0,0,0,0,0,75593,71643,49481,38427,34683,159,2503,1508,1500,1600,279,0
n1000-404,140000,1,2,2,45,0,0,0,0,0,0,36856,27919,24865,22892,50652,47334,1500,1273,607,41774,1712,1563
n1000-405,480000,2,2,2,48,-1,-1,-1,-1,-1,-1,2475,995,3647,7621,1735,302818,1000,3652,7626,1740,302823,19608
n1000-406,80000,1,2,1,36,-1,-1,0,0,0,0,9097,31091,34651,26569,20082,25535,31091,20000,5000,10000,10000,0
n1000-407,50000,1,2,2,35,1,2,2,0,0,2,40624,41381,40416,41395,44063,44587,1700,0,1650,3505,1400,1700
n1000-408,20000,1,2,2,24,0,0,0,0,-2,-2,18186,19086,19618,0,0,0,1500,1000,0,0,0,0
n1000-409,360000,2,1,1,52,-1,-1,-1,-1,-1,-1,7542,6302,4719,1577,1577,21220,6302,4719,1577,1577,21220,10744
n1000-410,30000,2,3,0,46,1,2,2,2,2,2,20143,19532,22194,21542,24022,25473,0,3000,0,3000,2000,0
n1000-411,180000,2,1,2,32,-2,-2,-2,-2,-2,-2,10989,228,1540,0,0,0,228,1541,0,0,0,0
n1000-412,20000,2,1,2,22,1,2,2,0,0,2,11087,11712,11164,11395,11927,9186,1100,0,289,594,0,50
n1000-413,50000,1,2,2,22,0,0,0,0,0,0,49551,42517,35458,19778,19929,19790,1707,1321,687,705,811,874
n1000-414,380000,1,1,1,55,0,0,0,0,0,0,126880,130324,152869,137442,82800,42083,7000,25390,10000,20000,1659,1600
n1000-415,160000,1,2,1,31,0,0,0,0,2,0,54835,46575,7169,9036,8749,9447,3500,2000,2000,0,1000,500
n1000-416,20000,2,2,2,22,-1,0,0,-1,-1,-2,11999,3617,4165,6323,0,0,1062,1000,10488,0,0,0
n1000-417,340000,2,2,1,39,-2,-2,-2,-2,-2,-2,93767,65758,353,5674,3344,3406,65758,359,5674,3692,3406,2622
n1000-418,30000,2,2,2,21,-1,-1,0,0,-1,-1,290,12115,11306,3562,1621,1307,20002,1101,1,1724,1408,0
n1000-419,80000,2,1,2,23,0,0,0,0,0,0,24215,30798,30350,32469,32663,34909,10000,2000,2500,2000,3000,1000
n1000-420,210000,1,2,2,26,0,0,0,0,0,0,206714,197252,140440,122678,120215,112973,7868,5000,5004,4500,3950,3800
n1000-421,90000,1,1,1,34,2,0,0,0,0,0,54933,55460,56599,58155,60058,61250,2009,2057,2500,3000,2189,2282
n1000-422,20000,2,2,2,39,4,3,2,0,0,0,11553,11081,11021,11240,11476,11708,0,420,402,417,423,1472
n1000-423,210000,2,1,2,27,0,0,0,0,0,-1,99050,17924,19123,20650,0,1136,1301,1500,2000,0,1136,67412
n1000-424,70000,1,3,1,42,0,0,2,2,2,2,26550,28208,28642,30670,31133,31965,2400,1200,2820,1100,1500,1300
n1000-425,130000,2,2,2,31,0,0,0,0,0,0,80533,42126,44370,85115,69011,70460,1816,3060,69000,2578,2671,2888
n1000-426,2.00E+05,2,3,1,50,0,0,0,0,0,0,141886,141771,141129,134295,135962,112870,7000,8000,4100,4200,4300,4500
n1000-427,280000,1,1,2,31,-1,-1,-2,-1,-1,-1,2158,-2,-2,5823,2900,42128,0,0,5825,2915,42338,2419
n1000-428,150000,1,4,1,41,0,0,0,0,0,0,78354,69250,69790,71535,73131,72502,2507,3001,3001,3013,3133,3000
n1000-429,270000,2,1,2,29,0,0,0,0,0,0,125120,102046,91426,93262,96104,98374,4000,2969,3000,4000,3500,3450
n1000-430,50000,2,2,2,24,0,0,0,0,0,0,16090,50912,34027,9568,9913,10132,36027,1807,1000,500,400,500
n1000-431,240000,2,2,1,40,-1,-1,-1,-1,-1,-1,4480,1725,10062,8662,4566,3915,1735,10096,8675,4566,3927,2529
n1000-432,50000,2,3,1,59,1,2,0,0,0,0,44977,43981,44996,45736,46748,47816,0,2045,1785,1900,2000,2210
n1000-433,50000,2,1,1,34,0,0,0,0,0,0,42980,44015,45284,46186,47440,48453,1731,2000,1655,2000,1800,2000
n1000-434,5.00E+05,2,1,1,33,-2,-2,-2,-2,-2,-2,363,2089,4822,48741,92978,0,2089,4822,48741,92978,0,39037
n1000-435,60000,2,3,1,36,1,2,2,2,0,0,57285,61118,61947,60353,4980,2160,5336,2550,16,0,0,0
n1000-436,20000,1,2,2,22,3,2,2,2,0,0,12553,14551,15016,14480,15093,17077,2500,1000,0,1000,2400,0
n1000-437,110000,1,1,2,29,0,0,0,0,0,0,109241,109833,108778,74692,77912,49264,5209,3009,1494,3220,2004,72677
n1000-438,230000,2,1,1,36,-2,-2,-2,-2,-2,-2,3240,0,0,0,0,0,0,0,0,0,0,0
n1000-439,80000,1,1,1,28,0,0,-2,-2,-2,-2,78429,0,0,0,0,0,0,0,0,0,0,0
n1000-440,50000,2,1,2,30,0,0,0,2,2,2,19930,36105,29604,27764,28656,29087,28019,13000,0,2000,1000,5000
n1000-441,1.00E+05,1,1,2,26,0,0,0,0,0,0,50848,51118,48443,50352,51399,53078,3000,3000,3000,3000,3000,3000
n1000-442,470000,1,1,1,39,-1,0,0,0,0,0,79455,74993,48344,45433,45853,21158,2348,1542,1041,2019,789,5013
n1000-443,50000,2,2,1,55,0,0,2,0,0,0,37984,41234,37701,28181,28711,29368,3900,0,1300,1100,1100,1000
n1000-444,230000,2,2,2,30,-1,-1,-1,0,0,-1,1243,113,7978,2831,3518,846,113,8178,500,1000,846,0
n1000-445,210000,2,3,1,52,-1,-1,-1,-1,-1,-1,65265,38627,142285,22092,35141,56188,39000,150109,180,58000,56200,20000
n1000-446,450000,2,1,2,36,-1,-1,-1,-1,-1,-1,3893,522,2218,99,99,412,600,2300,0,0,412,3146
n1000-447,1.00E+05,2,3,3,43,0,0,0,0,0,0,62300,63759,64448,38500,39469,40653,2464,1902,1378,1589,2000,1506
n1000-448,80000,1,1,2,25,-1,-1,-1,-1,-1,-1,390,390,390,390,390,390,390,390,390,390,390,390
n1000-449,150000,2,1,1,38,-1,-1,-2,-2,-2,-1,750,0,0,0,0,2040,0,0,0,0,2040,13061
n1000-450,120000,2,1,2,26,0,0,0,0,0,0,112774,115733,91961,94433,97787,87413,5000,3500,4000,5000,3500,3500
n1000-451,290000,2,2,1,49,-1,-1,-1,-1,-1,-1,5287,2323,704,2135,1591,5392,2334,707,2145,1599,5419,5039
n1000-452,30000,2,1,2,36,0,0,2,0,-1,-1,14254,16598,15908,16029,6501,0,2890,0,321,6501,0,0
n1000-453,30000,1,2,3,43,2,2,2,2,2,2,14870,16327,16762,17182,17760,17327,2000,1000,1000,1000,0,1000
n1000-454,390000,1,1,1,41,2,2,2,2,2,2,167795,171245,167317,175283,179140,182864,7299,0,12000,6500,6500,0
n1000-455,20000,1,1,2,26,1,2,0,0,0,0,15397,10403,7207,7351,7512,8380,0,1500,264,280,1000,813
n1000-456,2.00E+05,2,1,2,31,-1,-1,0,0,0,-1,1041,1053,3042,1381,1381,27106,2000,2011,0,0,27106,35200
n1000-457,160000,2,2,2,36,-2,-2,-1,-1,-1,-1,2992,1300,8899,6257,-1197,12151,1300,12038,10696,613,14262,0
n1000-458,50000,1,3,2,53,0,0,0,0,0,0,48019,49127,43711,33626,19371,19808,2279,1902,1000,841,900,692
n1000-459,440000,1,3,1,47,0,-1,-1,-1,-1,-1,98161,1238,1238,1238,1238,2165,1238,1238,1238,1238,2165,150000
n1000-460,30000,2,2,2,22,0,0,0,0,0,0,30123,30299,27758,22720,19136,14452,1600,2000,2000,614,924,0
n1000-461,240000,2,1,2,42,0,0,0,0,0,0,238107,242159,225695,210199,208307,203779,12067,10009,10000,10000,10000,30296
n1000-462,5.00E+05,2,2,1,66,-1,-1,-1,-1,-1,-1,3718,1755,2988,11645,13237,303512,1755,2988,11645,13237,303512,0
n1000-463,240000,1,2,1,33,0,0,0,0,0,-1,23486,19867,14653,8626,0,1128,3000,2000,0,1790,1128,0
n1000-464,30000,2,2,1,27,2,2,2,3,3,4,26648,27536,28203,29048,29903,30431,1600,1400,1600,1600,1600,1000
n1000-465,3.00E+05,1,3,1,37,-1,-1,-1,-1,-1,-1,4926,2847,3351,1961,4409,2503,2855,3357,1965,4419,2509,1139
n1000-466,1.00E+05,2,1,1,58,1,2,2,2,2,2,27044,26325,30882,30090,34419,33714,0,5000,0,5000,0,5000
n1000-467,50000,1,1,2,57,0,0,0,0,0,0,51102,50484,49175,21944,20142,18728,2500,2158,927,696,1000,374
n1000-468,240000,1,1,1,36,0,0,0,0,2,2,14559,15513,17242,18450,18013,19406,1500,2000,1500,0,1700,700
n1000-469,2.00E+05,2,1,1,32,-1,2,-1,-1,0,-1,220,110,110,11946,32836,110,0,110,11946,21000,110,0
n1000-470,360000,1,1,2,34,2,2,-2,-2,-2,-2,2500,0,0,0,0,0,0,0,0,0,0,0
n1000-471,5.00E+05,2,1,2,32,0,0,0,0,0,0,298809,304686,307591,312314,318647,325369,12475,12650,11354,11545,12000,11000
n1000-472,1.00E+05,1,1,2,39,-1,-1,-1,-1,-1,-1,1442,1261,1411,1411,1075,1139,1261,1411,1411,1075,1500,0
n1000-473,50000,2,1,2,24,0,0,0,0,0,0,49144,48202,43656,29466,29936,30350,1837,1462,1038,1086,1069,1034
n1000-474,410000,2,2,2,42,0,0,0,-1,-1,0,37492,33535,7267,14190,132106,289397,1625,1031,14224,132116,163020,10014
n1000-475,4.00E+05,1,3,2,35,-1,-1,-1,-2,-2,-1,92,101,-42,-42,-42,1058,101,0,0,0,1100,1100
n1000-476,50000,1,2,1,30,0,0,0,0,0,0,14040,14903,7288,6662,4920,6060,1152,1032,166,149,2000,68
n1000-477,230000,2,1,2,34,1,-1,0,-1,-1,-1,1103,16234,68813,4427,13882,41463,16286,65280,4446,13949,41660,9005
n1000-478,30000,1,2,1,54,0,0,0,0,3,2,6551,8482,10184,12408,11922,12167,2049,1851,2400,0,587,0
n1000-479,210000,1,1,2,26,0,0,0,0,0,0,204824,209873,214775,111893,107697,105578,10000,10000,5000,4000,4000,4000
n1000-480,360000,2,1,2,29,1,-2,-1,0,0,-1,0,0,70010,71610,73610,317,0,70010,2000,2000,317,11892
n1000-481,5.00E+05,2,2,1,37,0,0,0,0,0,0,207205,208827,203696,201655,202938,202136,9755,7414,6940,7299,8021,19384
n1000-482,310000,1,1,1,37,0,0,0,0,0,0,190704,194111,144855,149146,198027,202293,7787,6000,7000,75593,7000,7000
n1000-483,2.00E+05,1,2,1,40,1,2,2,0,-1,0,303719,268163,228720,234177,201490,190721,5133,0,5857,202076,6726,5346
n1000-484,50000,1,3,2,26,2,0,0,2,2,2,41827,42650,45930,44891,47654,48721,1800,4000,0,3500,2000,0
n1000-485,310000,2,2,1,34,0,0,0,0,0,0,87842,42594,26198,26766,27341,28891,3021,1600,1000,1000,2000,3000
n1000-486,30000,1,2,2,25,2,2,3,3,3,3,1050,1050,1050,1050,1050,1050,0,0,0,0,0,0
n1000-487,390000,2,2,2,28,0,0,0,0,0,0,116720,121588,121854,90634,84353,57677,7000,5000,4000,5000,10000,20000
n1000-488,290000,1,1,2,28,0,0,0,0,0,0,162118,150366,148949,141711,122755,216138,6000,6000,5000,10000,1.00E+05,7681
n1000-489,3.00E+05,1,2,1,38,-1,-1,-1,0,0,-1,374,1685,1485,990,495,495,2000,1485,0,0,495,495
n1000-490,20000,2,1,2,22,-1,-1,-2,-2,-2,-2,18356,0,0,0,0,0,0,0,0,0,0,0
n1000-491,230000,2,1,1,32,-2,-2,-2,-2,-2,-2,700,1428,600,0,0,0,1428,600,0,0,0,0
n1000-492,30000,2,2,3,22,0,-1,0,0,0,0,7928,2318,22430,20457,13964,14872,2318,22000,1000,1000,1000,1000
n1000-493,210000,2,2,1,38,-2,-2,-2,-2,-2,-2,390,780,0,0,4853,5190,780,0,0,4853,5190,0
n1000-494,30000,2,3,1,24,2,0,0,0,0,0,27896,29938,30061,29621,27956,29484,2506,1748,1003,1022,2000,1000
n1000-495,190000,2,2,1,35,0,0,0,0,0,0,189420,192058,185995,188649,190700,185912,8900,6700,6699,7400,6900,7400
n1000-496,50000,1,2,3,41,-1,-1,0,0,0,0,780,12667,6713,6452,6188,4048,12667,1055,184,182,153,100
n1000-497,5.00E+05,2,3,1,45,-2,-2,-2,-2,-2,-2,338,338,98,522,285,950,338,98,522,285,950,285
n1000-498,320000,2,2,1,35,-1,0,0,0,0,0,177391,182132,101849,92474,95279,77536,8200,4364,18000,4000,2576,5000
n1000-499,1.00E+05,2,2,1,39,2,2,0,0,0,0,78353,77726,79151,80249,82405,77011,1200,3400,2900,3500,3000,6100
n1000-500,480000,2,2,2,31,-1,-1,-1,-1,-1,-1,1759,1759,1759,1759,1759,1759,1759,1759,1759,1759,1759,1759
n1000-501,50000,1,3,2,27,0,0,0,0,0,0,45002,46053,45120,45870,46975,49284,2100,2100,1800,2000,3100,1300
n1000-502,30000,1,3,1,43,1,3,2,2,2,2,22494,21845,21207,23491,22818,24321,0,0,2645,0,2029,1027
n1000-503,50000,1,1,1,41,0,0,0,2,2,2,34384,35503,38931,38006,44357,43516,2000,4000,0,7000,0,2000
n1000-504,50000,1,2,2,33,0,0,0,0,0,0,8406,8418,8347,12321,6294,3333,3000,3000,7508,1000,1000,1500
n1000-505,210000,1,0,2,45,-2,-2,-2,-2,-2,-2,2563,5854,1032,788,3499,3372,5854,1032,788,3565,3372,15381
n1000-506,180000,1,2,1,47,0,0,0,0,0,0,179253,95170,97338,99694,65977,67415,3700,3700,4100,2360,2500,2618
n1000-507,80000,2,2,1,25,0,0,0,0,0,0,76117,76660,46137,48218,48286,48207,2300,2200,3207,2000,2000,2000
n1000-508,460000,2,1,1,34,-1,0,0,0,0,0,11689,12911,15418,22465,25546,36452,2000,3000,8000,4000,16000,6000
n1000-509,110000,2,2,2,24,2,2,2,2,2,2,107378,109604,111661,112299,113035,109678,5500,5300,4000,4000,0,4540
n1000-510,4.00E+05,2,2,2,38,-2,-2,-2,-2,-1,0,0,0,0,0,45374,46306,0,0,0,45374,1113,1129
n1000-511,2.00E+05,2,2,2,43,-2,-2,-2,-2,-2,-2,10000,10000,10000,10301,10000,10000,10000,10000,10301,10000,10000,10000
n1000-512,90000,2,2,1,34,-1,2,-1,-1,-2,-2,336,168,432,0,0,0,0,432,0,0,0,0
n1000-513,50000,2,3,1,53,0,0,0,0,0,0,46778,47770,49009,50593,20218,20645,1770,2009,2593,1000,752,1017
n1000-514,320000,2,3,1,51,-1,-1,-1,-1,-1,0,8391,2855,1021,953,868,872,2869,1026,957,868,4,954
n1000-515,90000,1,2,2,29,0,0,0,0,0,0,85769,87877,89766,63793,24265,25713,3535,3703,2085,1026,2000,2000
n1000-516,30000,1,2,1,48,0,0,0,-1,-1,-1,29428,19950,24514,4083,6234,0,1402,10096,4083,6255,0,0
n1000-517,50000,1,3,1,41,2,2,2,2,-2,-2,20186,15773,13555,0,0,0,2700,103,0,0,0,0
n1000-518,140000,1,1,1,39,1,-2,-2,-2,-2,-2,0,0,0,0,0,0,0,0,0,0,0,0
n1000-519,250000,1,2,1,40,1,2,0,0,0,0,65087,62216,39814,34374,34768,38830,0,2000,1871,1265,4643,3214
n1000-520,480000,1,1,1,43,0,0,0,0,0,0,377420,389573,400693,393892,348733,331930,20000,20000,20005,15000,15000,12000
n1000-521,90000,2,2,1,37,-1,2,-1,2,-1,-1,2330,1073,2323,1073,1073,9699,0,2323,0,1073,9699,10289
n1000-522,2.00E+05,2,1,1,38,-2,-2,-2,-2,-2,-2,5625,12125,13300,3450,13880,5147,12125,13416,3450,13880,5147,1050
n1000-523,170000,2,1,2,40,0,0,0,0,0,0,15442,16869,21014,18517,9058,5035,2000,5020,2000,3000,1000,464
n1000-524,360000,2,2,1,38,-1,-1,-1,0,-1,0,994,0,27566,28558,12495,18906,0,27566,2513,12495,8906,1841
n1000-525,190000,2,2,1,35,0,0,0,0,0,0,187777,189420,192058,185995,188649,190700,8300,8900,6700,6699,7400,6900
n1000-526,2.00E+05,2,2,1,37,0,0,0,-1,-1,0,97645,99894,97400,4283,145769,143712,3952,4500,4283,148192,5133,5108
n1000-527,80000,2,1,2,27,-1,-1,-1,-1,0,-1,993,1528,1138,4130,3740,1404,1528,1499,4130,0,1404,1621
n1000-528,60000,2,3,2,23,0,0,0,0,0,0,60465,60100,58795,47818,28357,29309,3000,2148,3049,3000,3002,1021
n1000-529,110000,2,1,1,28,0,0,0,0,0,2,109474,110723,111125,106828,84729,82910,11602,4238,4316,11190,0,3000
n1000-530,2.00E+05,2,1,2,30,-1,-1,2,2,2,2,182967,194924,75635,94454,60875,41221,15349,10,32000,0,3000,0
n1000-531,60000,2,2,2,26,0,0,0,0,0,0,58117,53986,47413,36527,28170,28963,2400,2050,2011,1200,1400,1200
n1000-532,360000,2,2,2,31,-2,-2,-2,-2,-2,-1,3000,2668,2668,-7,-7,3500,2668,3000,7,0,3507,2500
n1000-533,30000,2,2,2,41,1,2,0,0,0,0,25562,23250,23217,21295,19076,9292,0,1600,1500,1000,1720,0
n1000-534,220000,2,2,2,36,0,0,0,0,0,0,124418,126695,106534,109884,106114,108202,6300,4000,5500,3775,4100,5000
n1000-535,80000,2,2,1,38,0,0,0,0,0,0,29249,28795,27006,23705,18275,18104,1800,1550,1244,751,612,667
n1000-536,50000,2,2,2,48,-1,0,0,0,0,0,47295,30348,24446,25535,26109,26689,4000,1800,1500,1000,1000,1500
n1000-537,220000,2,1,1,38,0,0,0,0,0,0,136269,138972,141900,144764,147657,150749,4967,5160,5233,5278,5464,6121
n1000-538,180000,2,1,2,38,0,-1,0,0,0,0,16056,179490,180360,177460,140738,141830,180040,8200,9607,5103,5237,5000
n1000-539,230000,2,2,1,34,0,0,0,0,0,0,167299,165568,140467,133479,122948,125519,8448,5785,5400,4397,4548,4670
n1000-540,4.00E+05,2,2,1,32,0,0,0,0,0,0,183339,179701,179979,89317,59413,65890,10016,7473,6151,2000,7015,45
n1000-541,30000,2,2,1,33,4,3,2,0,0,2,31087,29545,26270,24966,23834,20859,0,0,2000,2000,0,1200
n1000-542,30000,2,2,2,33,2,0,0,0,0,-1,17011,15720,18443,7138,7638,5884,2000,3000,1000,500,5884,0
n1000-543,5.00E+05,2,1,2,39,-1,-1,-2,-1,0,0,51,-8,-8,10362,21905,23717,0,0,10370,15000,10000,4311
n1000-544,30000,2,2,2,34,1,2,2,0,0,0,16935,17855,17280,18594,18806,19045,1500,0,1606,818,690,695
n1000-545,230000,2,3,1,32,1,2,0,-1,0,-1,167419,16968,7226,1469,690,388,76,3742,1546,0,388,910
n1000-546,130000,2,2,1,35,0,0,0,0,0,0,125989,127884,128231,127677,125675,127318,6500,6500,6201,5000,5500,5100
n1000-547,30000,2,3,1,54,0,0,0,0,2,0,24285,25379,26964,29307,28537,30378,1500,2000,2800,0,2300,2500
n1000-548,130000,2,1,2,51,0,0,0,0,0,0,73903,74661,75593,78110,81793,86452,6000,5002,6000,5000,6000,4000
n1000-549,1.00E+05,2,1,1,51,0,0,0,0,0,0,94247,87079,89076,91143,77655,78518,3200,3400,3700,2800,2900,3100
n1000-550,50000,2,2,2,53,2,2,2,0,0,2,3914,7419,7156,8492,9515,9287,3591,0,1500,1100,0,300
n1000-551,80000,2,2,1,54,2,2,2,2,2,2,48298,49402,50416,51293,50170,53391,2200,2100,2000,0,4200,2100
n1000-552,10000,1,2,2,23,-1,0,0,0,0,-2,10078,8886,8815,9600,0,0,1300,1300,1000,0,0,0
n1000-553,150000,1,2,2,23,2,0,0,-1,0,0,17635,151686,147474,7474,8173,87500,135018,3000,120000,823,80000,3684
n1000-554,10000,1,2,1,27,4,3,3,2,3,2,3462,4150,3940,4720,4500,4282,900,0,1000,0,0,433
n1000-555,30000,1,2,2,24,2,-1,-1,-2,-2,-2,390,780,0,0,0,0,780,0,0,0,0,0
n1000-556,80000,1,1,2,29,0,0,0,0,0,0,79048,80676,78311,80777,79306,79195,3000,3100,7000,3200,3500,3200
n1000-557,50000,1,3,1,30,2,2,2,0,0,0,15397,17699,17127,18076,17061,17419,2882,0,1259,591,613,608
n1000-558,10000,1,3,1,30,0,0,0,3,2,0,7470,8315,11267,10626,10160,10052,1141,3258,0,0,357,400
n1000-559,150000,1,2,1,36,2,2,0,0,0,0,88655,86333,88931,92441,102903,105240,0,4000,5000,12000,4000,6000
n1000-560,80000,1,1,1,36,1,2,3,2,-1,-1,8415,10305,9979,1261,1261,1261,2181,0,0,1261,1261,1261
n1000-561,360000,1,1,2,30,-2,-2,-2,-2,-2,-2,1246,17234,387,776,810,0,17328,388,779,814,0,0
n1000-562,230000,1,2,3,37,-1,0,0,0,0,-1,11770,16479,20474,26492,326,1056,10000,5000,16492,0,1056,326
n1000-563,240000,1,3,2,41,0,0,0,0,0,0,218435,205981,187258,189435,145032,147370,5778,17020,5268,4179,4903,4236
n1000-564,30000,1,3,3,52,1,2,2,3,2,2,23819,23144,28066,27321,27571,29300,0,5637,0,1000,2332,0
n1000-565,50000,2,2,2,22,0,0,0,0,0,0,24775,25971,26666,27324,29596,26226,2001,1501,1501,3001,919,3501
n1000-566,20000,2,2,2,22,1,-1,-1,-2,-2,-2,3843,396,0,0,0,0,2000,0,0,0,0,0
n1000-567,30000,2,1,2,23,0,0,0,0,0,0,27013,26590,26249,22721,17650,25602,1470,1889,1400,384,1000,0
n1000-568,70000,2,3,2,25,2,0,0,0,0,0,70963,71056,70850,70823,71006,70828,2527,2615,2500,3000,2600,3000
n1000-569,30000,2,3,2,22,2,2,0,0,0,0,29793,29008,29047,29507,11609,11711,0,1687,1147,524,400,666
n1000-570,50000,2,2,2,23,0,0,0,0,0,0,46968,36912,32616,29788,27562,26129,1600,1500,1500,1200,1078,951
n1000-571,150000,2,2,2,27,1,-2,-2,-2,-1,-1,0,0,0,0,699,1170,0,0,0,699,1170,1173
n1000-572,60000,2,3,2,26,0,0,0,0,0,0,27402,26455,28017,25011,28143,24712,1500,4022,1500,3500,1000,1000
n1000-573,120000,2,1,2,26,0,0,0,0,0,0,103452,104546,105326,111987,112652,114337,4000,4000,10000,4000,5000,4200
n1000-574,240000,2,2,2,30,0,0,0,0,0,0,89009,71169,67528,64238,65521,65829,3071,2390,2311,2330,2392,2504
n1000-575,80000,2,1,2,29,2,2,0,0,2,0,25248,24549,26823,29157,28389,29036,0,3000,2780,0,1100,1500
n1000-576,1.00E+05,2,3,1,41,1,2,0,0,0,0,77208,75377,77044,78333,78130,77761,0,3475,3263,2805,2888,2680
n1000-577,230000,2,2,2,30,0,0,0,0,0,0,62988,63056,63741,64096,64473,64927,2847,2303,2284,2280,2345,2333
n1000-578,20000,2,3,2,39,0,0,0,2,2,3,8720,12241,16020,16457,20906,20289,4000,4000,1000,4750,0,600
n1000-579,430000,2,3,2,30,0,0,0,0,0,0,200364,147550,106901,81257,83264,62618,6215,3050,2511,5110,2005,5046
n1000-580,5.00E+05,2,3,1,41,0,0,0,0,0,0,119455,120499,124836,37334,34944,24355,7012,10522,6133,24408,122,17398
n1000-581,210000,2,1,1,38,1,-2,-1,-1,-1,-1,0,0,517,-1,932,1066,0,517,0,933,1066,462
n1000-582,80000,2,2,1,29,2,2,2,2,2,2,72674,74192,72464,76613,77908,76034,3300,0,6000,3100,0,4200
n1000-583,30000,2,2,2,39,0,0,0,2,0,0,28144,27470,30698,28981,27673,27826,2000,4000,0,1000,1000,0
n1000-584,130000,2,2,1,39,1,-2,-2,-2,-2,-2,0,0,0,0,0,0,0,0,0,0,0,0
n1000-585,20000,2,2,1,46,1,2,0,0,0,0,13254,12749,13834,14894,15050,16251,0,1600,1600,700,1601,1620
n1000-586,30000,2,2,2,42,-1,-1,2,-1,-1,-1,836,1672,836,390,390,390,1672,0,390,390,390,0
n1000-587,60000,2,2,1,48,0,0,0,0,0,0,50806,50980,51874,51808,16941,17295,2000,2100,1400,600,1000,1000
n1000-588,50000,2,2,2,42,0,0,0,0,0,0,48080,48062,48667,49311,24663,24854,1763,2112,1756,324,336,351
n1000-589,170000,2,2,1,40,2,-1,2,-1,-1,-1,193,3760,3500,7190,9000,0,3760,0,7190,9000,0,0
n1000-590,440000,2,3,1,49,0,0,0,0,0,0,386288,367400,347445,354373,307773,293357,14453,12611,13022,10572,10270,10722
n1000-591,80000,2,2,2,31,0,0,2,0,0,2,51160,54207,52775,53906,60099,61402,4500,0,2000,7100,2400,0
n1000-592,360000,2,2,1,33,0,0,0,-2,-2,-2,11596,11775,0,0,0,0,1058,0,0,0,0,0
n1000-593,170000,2,2,2,39,0,0,0,0,0,0,161277,162706,166677,167049,38377,33668,5856,7424,7169,1241,1187,1396
n1000-594,440000,2,1,1,40,0,0,0,0,0,0,416044,424528,434015,434419,393135,385578,16500,17500,17000,14500,14500,13500
n1000-595,280000,2,1,1,41,0,0,0,0,0,0,96590,99755,81244,81193,82470,49630,5000,3000,3007,5000,2000,1700
n1000-596,120000,2,1,2,34,-1,-1,-2,-1,2,0,17067,0,0,7304,7154,9055,0,0,7304,0,5000,1857
n1000-597,10000,2,3,1,51,3,2,2,7,7,7,2400,2400,2400,2400,2400,2400,0,0,0,0,0,0
n1000-598,130000,2,3,2,55,0,0,0,0,0,0,116336,121544,128243,115204,101158,95895,10063,20000,10009,10000,5000,5000
n1000-599,50000,2,2,2,53,0,0,0,0,0,0,51320,50602,50095,34120,33235,32377,1952,1979,1495,1144,1165,946
n1000-600,110000,2,2,1,54,2,2,2,0,0,2,95090,94938,91453,92097,96509,93773,3400,0,3290,7000,0,3500
n1000-601,1.00E+05,2,2,1,58,2,2,2,0,0,0,86654,87851,85594,87095,88357,77155,3500,0,3300,2839,3000,4000
n1000-602,150000,1,1,2,28,-2,-2,-2,-2,-2,-2,5797,434,11021,6253,6257,4152,436,11086,6284,6288,4172,3207
n1000-603,20000,1,2,2,25,0,0,0,-2,-2,-2,17584,20000,0,0,0,0,3000,0,0,0,0,0
n1000-604,20000,1,3,2,29,1,2,0,0,0,0,5957,4909,5865,17935,19353,20094,0,2000,13500,2500,2000,1500
n1000-605,40000,1,2,1,44,2,2,2,2,2,2,24262,26640,25927,28184,28723,28125,3100,0,2700,1300,0,2500
n1000-606,330000,1,1,1,40,0,0,0,0,0,0,309055,314927,322077,166654,170008,174723,12500,13306,6000,6000,7333,8000
n1000-607,230000,1,2,1,43,0,0,0,0,0,2,3472,4053,4503,4964,4400,3979,1061,1275,1000,200,0,227
n1000-608,360000,1,1,2,40,-1,-1,-1,-1,-1,-1,3457,1997,5115,3295,222,2854,2020,5115,3295,222,2862,2129
n1000-609,150000,1,2,2,32,0,0,0,0,0,0,151594,139114,92720,86468,79600,80866,4523,3500,3500,3000,2776,4019
n1000-610,2.00E+05,1,1,1,46,0,0,0,0,0,0,53643,54300,55039,55712,56421,57203,1765,1828,1811,1816,1880,4123
n1000-611,250000,1,1,1,47,-2,-2,-2,-2,-2,-2,0,0,0,0,0,0,0,0,0,0,0,0
n1000-612,20000,2,1,2,23,0,0,0,0,0,0,19422,17545,18163,19146,18331,18736,1300,1400,1300,700,700,1000
n1000-613,50000,2,2,2,23,1,-1,-1,-1,-1,0,18085,4120,0,261,28606,24041,7000,0,261,46506,2000,3000
n1000-614,20000,2,2,2,22,0,0,0,0,0,0,16990,17960,18923,19706,19818,20006,3000,3001,3000,2000,1002,783
n1000-615,20000,2,1,2,21,0,0,-1,-1,-1,0,2798,3214,647,0,7273,6490,2000,647,489,7273,130,0
n1000-616,50000,2,3,2,23,-1,-1,-1,-1,0,0,3237,5365,8263,14054,22071,20506,5389,8276,14075,15022,3012,3018
n1000-617,60000,2,2,2,25,-1,-1,0,0,0,0,995,7348,7242,6682,6223,7007,7353,2007,2011,2005,3003,3005
n1000-618,80000,2,1,2,25,1,-1,0,0,0,0,-51,68779,70239,72556,75372,75406,72500,2564,3500,4000,3000,3101
n1000-619,360000,2,2,2,27,-2,-2,-2,-2,-2,-2,1189,-11,-11,-11,-11,2339,0,0,0,0,2350,766
n1000-620,280000,2,1,1,26,-2,-2,-2,-2,-2,-2,4664,1578,646,3689,560,-150,1578,646,3689,560,0,1605
n1000-621,80000,2,1,2,25,-1,-1,2,-1,-1,-2,746,4824,690,6097,0,0,4830,0,6097,0,0,2169
n1000-622,210000,2,1,2,27,0,0,0,0,0,0,161055,156712,157087,177934,136807,139230,6000,7000,8000,6574,5500,5500
n1000-623,210000,2,1,2,26,0,0,0,0,0,0,23245,8487,17950,18915,19359,21604,3487,10000,2000,1000,3000,1000
n1000-624,160000,2,2,2,28,0,0,0,0,-1,0,11832,100542,88118,65032,586,80270,1.00E+05,10000,6749,586,80000,30000
n1000-625,150000,2,2,2,26,0,0,0,0,0,0,83446,75067,64432,54848,46098,47352,3500,3000,2000,2000,2000,2000
n1000-626,390000,2,1,2,28,0,0,0,-2,-2,-2,202248,205150,0,0,0,0,10000,0,0,0,0,0
n1000-627,50000,2,3,0,32,-1,-1,2,-1,0,0,326,652,326,978,652,326,652,0,978,0,0,326
n1000-628,210000,2,1,2,28,0,-1,0,0,-1,0,9918,6942,24680,41291,10623,10765,6942,24000,22000,20000,5000,3000
n1000-629,40000,2,2,1,32,0,0,0,0,0,0,40368,38623,67203,39764,39583,39839,1603,2000,2014,2503,2103,2221
n1000-630,180000,2,1,2,29,0,0,0,0,0,0,44109,20896,18193,18652,14545,18545,8000,5000,3000,2000,2000,6000
n1000-631,450000,2,1,2,31,-2,-2,-2,-2,-2,-2,0,0,0,0,0,0,0,0,0,0,0,0
n1000-632,180000,2,3,1,28,0,0,0,0,0,0,113125,67864,31613,25220,8654,4837,1923,1501,1000,0,0,49347
n1000-633,260000,2,1,1,30,0,0,0,0,0,0,25661,30196,69429,167640,169446,172989,5000,40000,1.00E+05,5720,5922,5958
n1000-634,20000,2,3,1,44,0,0,0,2,2,2,7661,8981,10860,12380,11400,0,1457,2600,2000,0,0,0
n1000-635,50000,2,2,1,47,0,0,0,0,0,0,27121,53680,20476,21781,17792,16657,2000,1700,2000,1000,702,600
n1000-636,210000,2,2,1,41,1,-2,-2,-2,-2,-2,0,0,0,0,0,0,0,0,0,0,0,0
n1000-637,150000,2,1,2,37,1,-2,-1,-1,-1,-2,0,0,689,2943,-6159,-6159,0,689,2943,0,0,16007
n1000-638,2.00E+05,2,2,1,37,-1,-1,-1,-1,-1,-1,313,0,313,152,148,498,0,313,152,148,498,148
n1000-639,3.00E+05,2,3,1,42,-1,-1,-2,-2,-1,-1,885,0,0,0,494,0,0,0,0,494,0,138
n1000-640,360000,2,1,2,32,0,0,0,0,0,0,290543,118479,112746,102611,92290,51489,7288,6079,6091,6227,5055,27486
n1000-641,160000,2,2,2,32,0,0,0,0,0,0,2812,3826,4751,6604,8604,7072,1222,1147,2000,2000,0,766
n1000-642,1.00E+05,2,3,1,32,-1,-1,2,-1,0,-1,24002,22329,2781,32231,2781,21651,2781,0,32231,0,21651,26748
n1000-643,80000,2,3,2,32,-2,-2,-2,-2,-2,-2,4965,51932,0,2165,39881,14691,51932,0,2165,39881,14691,10500
n1000-644,360000,2,1,1,35,1,-2,-2,-2,-2,-2,0,0,0,0,0,0,0,0,0,0,0,558
n1000-645,60000,2,2,1,47,0,0,0,0,0,0,54532,54203,58199,59152,76006,19604,1970,6000,3000,1000,1000,1000
n1000-646,370000,2,2,1,45,0,0,0,-1,-1,-1,137250,141167,103000,41200,1109,99723,5927,5000,41200,1109,99723,5000
n1000-647,2.00E+05,2,2,1,39,-1,-1,-1,-1,-1,-1,13145,15549,21375,9312,23958,10825,15571,21488,9312,23958,10825,10773
n1000-648,50000,2,2,1,33,1,2,0,0,2,0,23250,22578,23611,25825,25111,25708,0,1397,2611,0,1000,1092
n1000-649,50000,2,3,1,37,-1,2,0,0,0,0,2564,2378,4167,5438,6193,6939,0,2000,1500,1000,1000,1000
n1000-650,2.00E+05,2,1,2,27,0,0,0,0,0,0,62574,63814,65265,66234,62356,55080,2278,2473,2161,2075,1973,2000
n1000-651,180000,2,2,2,33,-1,-1,-1,-1,-1,-1,437,0,437,0,4013,0,0,437,0,4013,0,1518
n1000-652,20000,2,2,1,42,2,0,0,0,0,0,15552,16560,17278,18289,18653,19195,1575,1293,1304,668,843,853
n1000-653,90000,2,2,1,41,0,0,0,0,0,0,61287,62678,63198,61633,62837,69422,3021,4236,3000,2000,7000,0
n1000-654,490000,2,1,1,37,1,2,0,0,0,0,18961,11232,19173,20400,27979,27622,0,9173,5400,7979,7622,0
n1000-655,5.00E+05,2,1,2,31,1,-1,-1,-1,-1,0,29091,5763,15673,9393,69526,37940,5763,15691,9393,69526,5000,20000
n1000-656,80000,2,2,1,44,-1,0,-1,-1,-1,-1,3995,2045,824,0,1000,0,1000,824,0,1000,0,0
n1000-657,360000,2,1,1,39,1,-2,-2,-1,0,-1,-390,-390,-390,10872,10540,2203,0,0,11652,358,2203,390
n1000-658,3.00E+05,2,3,1,37,0,0,0,0,0,0,85405,84922,84870,69725,54744,9234,3479,3319,2210,1095,1594,126463
n1000-659,270000,2,1,1,31,-2,-2,-2,-2,-2,-2,6181,12110,26069,36630,37390,19816,12140,26134,36650,37390,19816,5272
n1000-660,230000,2,2,2,37,2,-1,2,2,-1,0,535,3881,2297,-3,3044,2424,3888,16,0,3047,12,0
n1000-661,3.00E+05,2,1,2,31,0,0,0,0,0,0,123306,126251,131968,113866,10811,158664,5000,8000,5000,1342,150000,6800
n1000-662,70000,2,2,1,33,1,2,0,0,0,0,51900,49307,48214,27572,26810,20541,0,1500,1300,1505,1000,1000
n1000-663,2.00E+05,2,1,1,39,-2,-2,-2,-2,-2,-2,5553,2294,359,0,353,342,2294,359,0,353,342,0
n1000-664,5.00E+05,2,2,1,31,0,0,0,0,0,0,348526,345128,337816,316739,167616,364940,15210,15022,20121,5925,35069,35110
n1000-665,80000,2,2,1,39,0,0,0,0,0,0,48784,46401,39456,30712,29629,28241,2194,1560,1421,1001,1000,1008
n1000-666,80000,2,2,1,36,0,0,0,0,0,0,22657,19940,19870,18155,11119,5203,1320,1540,1005,222,1000,2000
n1000-667,150000,2,1,2,31,-2,-2,-2,-2,-2,-2,4847,4268,0,1193,-127,-127,4268,0,1193,0,0,1956
n1000-668,2.00E+05,2,2,2,31,-2,-2,-2,-2,-2,-2,1507,0,218,4360,0,0,0,218,4360,0,0,0
n1000-669,3.00E+05,2,1,1,30,-2,-2,-2,-2,-2,-2,15575,22187,1970,1687,248,600,10810,1979,1695,249,600,585
n1000-670,50000,2,1,1,54,0,0,0,0,0,0,45777,46816,47862,49064,66819,17288,1800,1800,2000,2300,2000,629
n1000-671,230000,2,2,1,54,-1,-1,2,2,-2,-2,187,3327,3100,0,0,0,3327,0,0,0,0,0
n1000-672,60000,1,3,2,26,0,0,0,0,0,0,56387,57648,59521,58637,38490,38492,2200,2805,1764,1356,1500,1523
n1000-673,10000,1,2,2,24,1,2,0,0,0,2,5378,5146,6205,7139,7918,7646,0,1300,1200,900,0,700
n1000-674,150000,1,4,2,32,0,0,0,-1,0,0,159919,68686,161192,150464,143375,146411,4019,146896,157436,4600,4709,5600
n1000-675,30000,1,2,2,34,-1,-1,-1,-1,-2,-2,390,0,780,0,0,0,0,780,0,0,0,0
n1000-676,190000,1,1,2,25,0,0,2,0,0,0,3173,5270,5040,6050,6447,7339,2323,0,1103,500,1000,400
n1000-677,1.00E+05,1,2,1,30,-1,-1,-1,-1,-1,-1,416,416,589,1416,416,416,416,1005,1416,416,416,0
n1000-678,80000,1,1,2,28,0,0,0,0,0,0,75923,57259,50845,36207,32515,15128,2500,2548,2500,1100,1000,1000
n1000-679,210000,1,2,2,31,0,0,0,0,0,0,30785,29242,29883,30447,30803,29820,1472,1509,1469,1221,1100,1252
n1000-680,90000,1,2,2,28,0,0,0,0,0,0,42322,43314,44354,45372,46317,51292,1997,2037,2055,2000,5913,0
n1000-681,170000,1,2,2,30,-2,-1,0,0,0,0,352,14540,14315,15535,14453,16518,14547,1500,1542,1456,3521,1881
n1000-682,130000,1,1,1,42,-1,2,-1,-1,0,0,390,390,955,1170,1170,780,0,955,1170,0,0,0
n1000-683,190000,1,3,1,41,0,-1,-1,-1,2,2,82926,326,176,804,478,952,326,176,954,0,950,0
n1000-684,310000,1,2,2,34,0,0,2,0,0,0,200328,48481,47426,48621,49743,50824,3860,0,2000,1895,2000,2000
n1000-685,450000,1,2,1,41,-2,-2,-2,-2,-2,-2,1068,1281,907,882,968,1243,1287,911,886,972,1249,1416
n1000-686,50000,1,2,1,44,2,-1,2,0,0,0,1473,2423,950,1560,1170,780,2423,0,1000,0,0,0
n1000-687,230000,1,2,2,34,-2,-2,-2,-2,-2,-2,27178,0,856,6147,7387,13492,0,856,6147,7387,13492,6701
n1000-688,50000,1,2,1,42,0,0,0,0,0,0,44637,40976,40134,16764,15215,16733,1880,1299,3007,1450,3000,3000
n1000-689,20000,1,2,2,44,0,0,0,0,0,0,8843,9262,7102,5035,5152,2150,1115,1202,1000,117,246,0
n1000-690,430000,1,1,1,42,-2,-2,-2,-2,-2,-2,11362,11461,5741,8897,1350,10184,11461,5745,8935,1350,10184,4190
n1000-691,20000,1,3,1,48,0,0,0,0,0,0,19195,20089,16739,17486,9392,9587,1257,1368,1115,301,310,352
n1000-692,130000,1,3,2,39,2,2,2,2,2,2,66548,71034,69329,74175,72383,77217,5600,0,6000,0,6000,0
n1000-693,280000,1,2,2,39,-2,-2,-2,-2,-2,-2,6251,12501,4873,4071,-30,-30,12577,4897,4176,0,0,0
n1000-694,230000,1,1,1,40,-2,-2,-2,-2,-2,-2,169,2008,3587,2663,2660,2997,2018,3605,2681,2673,3012,2583
n1000-695,20000,1,2,1,39,0,0,0,0,0,0,16621,7309,17120,18130,18491,18893,1200,10000,1301,662,700,1000
n1000-696,220000,1,1,2,34,0,0,2,2,0,0,170352,182711,183825,142216,118269,14960,15206,6000,0,5193,546,1485
n1000-697,110000,1,2,2,37,0,0,0,0,0,0,112091,112380,86544,77131,60895,60936,4625,3112,2467,2182,2190,2182
n1000-698,2.00E+05,1,2,2,38,0,0,0,0,0,0,176579,180233,184262,178674,181318,179477,6589,7074,7870,7028,6768,5906
n1000-699,60000,1,2,1,36,0,0,0,0,0,0,37129,37593,37841,38634,28811,28907,1602,1989,1782,1169,1196,1152
n1000-700,50000,1,2,1,50,0,0,0,0,0,0,47053,11165,12186,13280,14055,14428,1200,1206,1300,1000,600,530
n1000-701,5.00E+05,1,2,1,59,0,0,0,0,0,0,197792,201418,205895,212010,214287,218266,7200,8000,10010,7500,7266,6218
n1000-702,20000,1,2,2,56,5,4,3,2,2,-2,19977,19375,18405,17680,18000,19000,0,0,0,1500,1000,1000
n1000-703,70000,1,2,1,54,-1,0,0,0,0,0,20706,21410,22437,23448,23914,24415,1351,1378,1389,855,885,1132
n1000-704,70000,2,1,2,28,0,-1,-1,-1,-1,-1,12018,39270,603,2288,1380,2028,39270,603,2288,1380,2028,390
n1000-705,120000,2,2,2,30,-1,-1,-1,-1,-1,-1,140,3230,3011,1964,1883,1538,3230,3011,1964,1883,1538,1911
n1000-706,180000,2,1,2,28,0,0,0,0,0,0,49550,43015,50238,49461,43877,32411,3006,10017,2018,1022,2322,23023
n1000-707,30000,2,2,2,22,2,0,0,0,0,0,30324,30123,30299,27758,22720,19136,1900,1600,2000,2000,614,924
n1000-708,20000,2,2,2,22,-1,3,2,2,0,0,18021,17439,17466,17846,18310,18923,0,600,1000,1000,1000,700
n1000-709,130000,2,1,2,24,0,0,0,2,2,-1,3621,4530,6627,3300,0,18300,1130,2227,200,0,18300,0
n1000-710,50000,2,2,2,23,1,-1,0,0,0,0,14191,5896,6175,10000,1952,406,5896,2006,5074,1300,406,0
n1000-711,5.00E+05,2,1,2,37,-2,-2,-2,-2,-2,-2,315,2579,3824,813,0,4443,2579,3824,813,0,4443,330
n1000-712,80000,2,1,2,25,-1,-1,-1,-2,-1,-1,177,1200,0,0,7240,0,1200,0,0,7240,0,0
n1000-713,30000,2,2,2,24,-1,0,0,0,0,0,1513,27350,28561,29684,32650,34299,26500,2048,2000,3769,5007,2007
n1000-714,310000,2,1,2,26,-2,-2,-2,-2,-2,-2,297,0,0,0,0,0,0,0,0,0,0,0
n1000-715,170000,2,5,2,24,-2,-2,-1,-1,0,0,85663,-37,1740,97961,66257,12106,0,1777,114593,5823,439,497
n1000-716,360000,2,2,2,25,2,2,-2,-2,-2,-2,1614,-40,-40,-40,-40,1153,40,0,0,0,1193,17
n1000-717,360000,2,1,2,26,-2,-2,-2,-2,-2,-2,2741,-59,-59,11868,-2,450,0,0,11927,0,452,3818
n1000-718,120000,2,1,2,26,0,0,0,0,0,0,115520,98551,84797,66398,44428,31738,5001,5076,5000,3042,2110,600
n1000-719,30000,2,1,2,27,0,0,0,0,0,0,3812,5744,8642,11492,14285,17056,2000,3000,3000,3000,3000,1000
n1000-720,80000,2,5,2,27,0,0,0,0,0,0,81787,77845,60159,54151,45108,44490,2600,3009,2200,2000,2000,2832
n1000-721,90000,2,2,1,27,0,0,0,0,0,0,73849,70549,49858,43303,29888,24973,2900,2012,1603,1208,1000,707
n1000-722,30000,2,2,2,23,0,0,0,0,2,0,19769,24285,26143,26929,19610,20591,5896,3002,2130,2,3004,8013
n1000-723,80000,2,2,2,24,0,0,2,2,2,2,70411,75874,76710,74792,79636,77757,6657,2629,0,6000,0,3000
n1000-724,230000,2,2,2,28,-1,-1,-1,-1,-1,-1,7539,6500,6500,45914,1465,600,6500,6500,45914,1465,600,958
n1000-725,140000,2,2,1,29,0,0,0,0,0,0,129289,90352,85052,65758,46847,39777,3713,3546,2589,1960,1733,1379
n1000-726,2.00E+05,2,2,1,30,-1,2,-1,2,0,0,1877,1690,6314,6034,6034,2493,0,6314,0,0,0,0
n1000-727,560000,2,2,1,28,-2,-2,-2,-2,-2,-2,2740,2740,2740,2740,1703,27802,2740,2740,2740,1703,27802,1500
n1000-728,5.00E+05,2,1,2,29,0,0,0,0,0,0,36051,30912,33740,15272,17015,18740,2065,25099,2000,2000,2000,2000
n1000-729,90000,2,2,2,31,0,0,0,0,2,2,22259,23418,24443,26695,25967,26946,1838,1408,2660,0,1400,2000
n1000-730,2.00E+05,2,2,1,29,0,0,0,0,0,0,74566,73700,73624,73928,72060,72393,3213,3304,3815,3004,3006,4012
n1000-731,240000,2,2,1,30,-1,-1,-1,-1,-1,-1,17047,15188,11366,14231,11135,7774,15188,11366,14231,11135,7774,7785
n1000-732,270000,2,2,2,25,0,0,0,0,0,0,162905,156151,127423,126824,115961,112929,5085,4795,4470,3847,3943,5000
n1000-733,250000,2,1,2,25,0,0,0,0,0,0,18761,10656,7099,11758,17047,16483,4662,2101,7227,7865,8485,5777
n1000-734,230000,2,1,2,31,-1,-1,2,-1,-1,0,2155,2010,165,5908,283,283,2010,0,5908,283,133,0
n1000-735,10000,2,2,2,37,-1,-1,-1,-1,0,0,6993,4165,5794,9576,7818,7580,6495,5794,9585,7580,152,390
n1000-736,50000,2,3,2,36,0,0,0,0,0,0,48831,46763,44302,42942,20103,20163,2002,4228,1603,900,700,810
n1000-737,440000,2,2,1,46,0,0,0,0,0,0,177425,180641,181557,149944,113135,105280,7700,8610,6907,3727,3800,4001
n1000-738,260000,2,2,2,33,-1,-1,-1,-1,-1,0,5188,12357,28656,7497,7685,15434,13000,29022,7500,27769,12000,6200
n1000-739,40000,2,3,1,40,1,-1,2,2,2,-2,-531,2661,3871,1488,0,0,3383,2000,0,0,0,431
n1000-740,180000,2,1,1,36,0,0,0,0,0,0,4911,6688,8432,9977,10030,10836,2000,2000,2000,500,1100,0
n1000-741,1.00E+05,2,2,1,45,0,0,0,0,0,0,90483,91893,91531,82398,73011,73711,3315,3664,3157,2572,3048,2680
n1000-742,2.00E+05,2,1,2,31,1,-1,-1,-1,-1,-1,0,6372,2180,6605,970,0,6372,2182,6605,970,0,0
n1000-743,150000,2,4,2,31,-2,-2,-2,-2,-1,2,9846,5345,0,0,1493,159,5345,0,0,1493,0,1119
n1000-744,170000,2,2,1,39,0,0,0,0,0,0,22870,20653,21577,20334,19161,18613,2000,1685,1231,608,650,547
n1000-745,90000,2,3,1,41,0,0,0,0,0,0,87240,88519,84573,78617,64344,63417,10000,3519,5014,2679,4600,1000
n1000-746,60000,2,3,1,37,1,-2,-2,-2,-2,-1,0,0,0,0,0,150,0,0,0,0,150,499
n1000-747,180000,2,1,2,29,-1,-1,-1,-1,-1,-2,9862,2896,2458,305,0,0,2903,2458,305,0,0,0
n1000-748,140000,2,2,1,36,0,0,0,0,0,0,74500,64615,59862,42040,32591,21090,3508,10027,5008,5013,5008,2004
n1000-749,340000,2,2,2,34,0,0,0,0,-1,-1,16462,12927,10814,7880,2338,0,1310,3011,5000,2338,0,0
n1000-750,240000,2,2,2,31,0,0,0,0,2,2,173628,177556,179549,225556,219642,232652,8000,7000,50000,0,16302,0
n1000-751,80000,2,2,2,34,0,0,0,-1,-1,-1,7437,8906,7718,1388,0,6951,4000,1000,1388,0,6951,1980
n1000-752,290000,2,5,2,35,0,0,0,0,0,0,33278,33694,32453,27981,14096,10240,1600,1700,2015,2000,1000,1000
n1000-753,6.00E+05,2,2,2,30,0,0,0,0,0,0,501499,510470,520492,525749,480722,460068,19500,20462,19445,17348,16536,16845
n1000-754,170000,2,1,2,27,0,0,0,0,0,0,10596,13410,15788,4853,5697,47830,3000,3000,1156,1000,46793,1760
n1000-755,1.00E+05,2,1,2,28,0,0,0,0,0,0,20068,21226,22573,23596,24068,24679,1800,2000,1400,863,1000,2000
n1000-756,5.00E+05,2,1,1,43,-2,-2,-2,-2,-2,-2,270,9390,0,14153,5254,11676,9483,0,14153,5274,11676,2276
n1000-757,90000,2,2,1,36,1,-1,-1,-1,-1,-1,0,950,628,284,1055,2607,950,628,284,1055,2607,0
n1000-758,160000,2,1,1,33,-1,2,2,-2,-2,-1,7845,2956,3161,600,65000,2206,0,3161,0,65000,2206,339
n1000-759,350000,2,1,2,38,-2,-2,-2,-2,-2,-2,10354,29812,15209,9260,2120,2459,29916,15217,9280,2128,2459,11409
n1000-760,1.00E+05,2,1,2,31,-2,-2,-2,-2,-2,-2,1500,3794,-1678,-1478,1058,5556,3794,0,200,4058,5738,21173
n1000-761,710000,2,4,2,32,0,0,0,0,0,0,377249,382116,391305,195642,189101,182062,11000,12000,8000,7000,7000,6500
n1000-762,130000,2,2,2,42,1,2,2,2,2,2,117391,119378,121993,123503,124578,127434,5400,6000,5000,4600,5000,5100
n1000-763,120000,2,3,1,40,0,0,0,0,0,0,97886,74638,70864,64193,61733,59717,3003,2823,2514,1732,1756,1689
n1000-764,3.00E+05,2,1,2,36,-2,-2,-2,-2,-2,-2,230,469,899,0,0,0,469,899,0,0,0,1051
n1000-765,1.00E+05,2,2,1,32,0,0,0,0,0,0,98908,60868,60652,58338,56849,45744,2749,4800,2000,2000,2000,2000
n1000-766,160000,2,1,1,36,-2,-2,-2,-2,-2,-1,25386,2542,2916,4257,629,6267,2549,2916,4321,700,6267,1727
n1000-767,250000,2,2,1,45,-1,0,0,0,-1,-1,3233,13244,12462,8977,1503,96834,12716,12158,8777,1503,96834,2204
n1000-768,50000,2,3,1,31,0,0,0,0,0,-2,44115,44619,38604,33570,0,0,1652,1906,1000,0,0,0
n1000-769,50000,2,2,1,36,1,3,3,2,0,0,17292,18705,18125,17530,18251,19965,2000,0,0,1000,2002,0
n1000-770,90000,2,2,1,34,0,0,0,0,0,0,18358,14764,8374,29525,28333,27879,1300,1300,22000,1000,1012,1400
n1000-771,80000,2,1,2,34,-1,-1,-1,2,0,0,34827,27881,16801,12532,12059,1242,27881,12532,1,0,0,717
n1000-772,2.00E+05,2,6,1,43,0,0,0,0,0,0,198595,194734,190447,187224,183641,178239,7003,7000,7000,6510,6550,6001
n1000-773,20000,2,2,1,46,4,3,2,3,2,0,15833,15286,17021,16461,15901,16294,0,2277,0,0,800,1400
n1000-774,310000,2,2,1,32,0,0,0,0,0,0,69886,70950,71403,69478,53786,52791,2177,2216,1879,1563,2000,1539
n1000-775,5.00E+05,2,1,2,28,-2,-2,-2,-2,-2,-1,4428,-31,-31,3963,3418,858,0,0,3994,3435,860,0
n1000-776,190000,2,2,1,37,0,0,2,2,2,2,105679,115049,117856,119570,116284,123528,11000,6000,5000,0,9000,4000
n1000-777,250000,2,1,2,32,-1,-1,-1,-1,-1,0,10495,2150,46975,10880,8974,36805,2150,46975,10890,8974,30000,65325
n1000-778,170000,2,1,2,32,-1,-1,-1,-1,-1,-1,13880,6367,9351,22222,20437,8744,6593,9361,22222,20437,8744,3620
n1000-779,2.00E+05,2,1,2,31,-1,2,2,-2,-2,-2,450,450,0,0,0,0,0,0,0,0,0,0
n1000-780,150000,2,1,2,32,0,0,0,0,0,0,18519,19926,18600,13551,20759,21200,3000,4003,2551,15579,11200,3575
n1000-781,180000,2,2,1,47,0,0,0,0,0,0,176424,164745,168208,171667,175219,173597,5896,6117,6268,6445,6379,6300
n1000-782,2.00E+05,2,1,1,40,0,0,0,0,0,0,9141,9046,9635,10197,10118,10535,1138,1157,1149,500,1000,1000
n1000-783,210000,2,3,1,44,-2,-2,-2,-2,-2,-2,11771,13462,17706,0,5646,14793,13462,17706,0,5646,14793,7376
n1000-784,360000,2,1,1,36,-2,-2,-2,-2,-2,-2,0,0,0,0,0,0,0,0,0,0,0,0
n1000-785,450000,2,1,2,37,0,-1,-1,-1,-1,-1,37070,17596,24965,0,1649,5212,17596,24965,0,1649,5212,535
n1000-786,1.00E+05,2,3,2,50,0,0,0,2,0,0,82397,84027,88734,86369,89994,89681,3004,7500,0,5001,3390,4000
n1000-787,90000,2,2,1,55,2,2,2,0,0,0,83040,81998,83674,80890,31565,33049,900,4003,3000,3000,3000,2000
n1000-788,290000,2,2,1,49,0,0,0,0,0,0,282538,281749,238490,86202,83155,84927,10711,12915,2962,2863,2996,3257
n1000-789,80000,2,3,2,60,0,0,0,0,0,0,37298,19025,12720,14169,13828,1664,3000,3000,2030,3000,1000,839
n1000-790,180000,2,1,1,53,1,-2,-2,-2,-2,-2,0,0,0,0,0,0,0,0,0,0,0,0
n1000-791,50000,2,1,2,61,3,2,0,0,-2,-2,60458,54438,53605,0,0,0,0,1100,0,0,0,0
n1000-792,140000,2,2,1,58,2,2,2,2,2,2,68859,70428,71902,72924,72335,75508,3300,3200,2800,1200,4500,3000
n1000-793,50000,1,2,2,25,0,0,4,3,2,2,29206,53086,51981,50805,51518,50713,25000,0,0,1800,108,2400
n1000-794,80000,1,2,2,25,3,2,0,0,-1,-1,79977,78091,80288,82150,319,85,0,3456,3750,319,85,322
n1000-795,50000,1,2,2,25,0,0,2,2,4,3,28651,41897,43032,47242,46212,45205,14200,2100,5215,0,0,0
n1000-796,240000,1,1,2,26,-1,-1,-2,-1,-1,-1,5010,1188,3513,11380,1777,190,1188,3513,11794,1785,190,0
n1000-797,370000,1,6,1,28,0,-1,-1,-1,-1,-1,64268,2868,3788,9424,2468,2468,2868,100332,9456,2468,2468,2468
n1000-798,60000,1,1,2,27,0,0,-1,-1,0,0,20567,11937,1536,59038,54586,56375,4000,1536,59038,1300,3000,2000
n1000-799,180000,1,1,2,27,2,0,0,2,0,0,10070,11392,14688,14040,13440,13440,1500,3500,0,0,0,0
n1000-800,20000,1,3,1,27,-2,-2,-2,-2,-2,-2,-2000,780,0,-1000,0,1222,2780,2000,1000,1000,1222,1800
n1000-801,5.00E+05,1,2,2,28,0,0,0,0,0,0,33758,33048,45422,46483,39598,40622,1626,13000,2100,37000,1234,3512
n1000-802,20000,1,2,2,24,0,0,0,0,0,0,17172,18179,19061,20182,19982,19482,1597,1479,1600,400,0,298
n1000-803,120000,1,2,2,30,-1,-1,-1,-1,-1,-1,2494,1991,1497,998,697,-103,1997,1506,1001,699,0,897
n1000-804,2.00E+05,1,3,1,30,0,0,0,0,0,0,141785,144933,148103,148137,151505,154728,7000,7000,4000,4000,4000,4000
n1000-805,60000,1,2,2,33,0,0,0,0,0,0,32961,31379,31328,30905,30237,28461,1799,3000,1420,2000,1164,2000
n1000-806,210000,1,1,2,33,-1,-1,-1,-1,-1,-1,396,396,396,396,1911,396,396,396,396,1911,396,396
n1000-807,360000,1,2,1,37,1,-2,-2,-2,-2,-2,0,0,0,0,0,0,0,0,0,0,0,0
n1000-808,80000,1,1,1,41,1,-2,-2,-2,-2,-2,0,0,0,0,0,0,0,0,0,0,0,0
n1000-809,310000,1,2,1,38,-1,-1,-1,-1,-1,-1,23285,1058,0,1312,4836,11795,1058,142,1312,4836,11795,0
n1000-810,50000,1,2,1,33,0,0,0,0,0,0,22384,13538,9199,6879,6753,5440,1320,2000,1284,264,109,390
n1000-811,160000,1,3,1,33,0,0,0,0,-2,-2,25058,20624,16280,0,0,0,1344,1000,0,0,0,0
n1000-812,140000,1,1,3,41,0,0,0,0,0,0,130138,132726,135494,136679,130812,67349,4756,4912,3781,2500,3000,2700
n1000-813,5.00E+05,1,3,1,47,-1,-1,-1,-1,-1,-1,18033,8783,13202,16546,12585,14287,8783,13357,16600,12585,14287,25793
n1000-814,20000,1,2,1,46,3,2,2,2,0,0,7283,7021,11208,8818,6704,7364,0,4500,0,1000,2000,3000
n1000-815,60000,1,1,2,36,1,2,0,0,2,0,104492,53348,52817,57954,56556,55220,5200,3000,8500,0,4000,7000
n1000-816,360000,1,1,1,38,-2,-2,-2,-2,-2,-2,0,0,0,0,0,0,0,0,0,0,0,0
n1000-817,490000,1,1,1,41,0,0,0,0,0,0,79712,81707,85703,87725,88727,91483,3000,5000,4000,3000,4000,5000
n1000-818,360000,1,1,1,35,-1,-1,-1,-1,-1,0,3738,2019,4979,0,4974,4974,2019,4979,0,4974,0,72322
n1000-819,460000,1,1,1,37,2,0,0,0,0,0,7121,7953,8642,9151,9702,9752,1273,1288,1123,1000,502,3000
n1000-820,2.00E+05,1,1,2,32,-2,-2,-2,-2,-2,-2,1100,740,4908,740,5221,740,740,4908,740,5221,740,890
n1000-821,80000,1,1,1,47,-1,-1,-1,-1,-1,-1,2001,2338,5655,1670,3096,4590,2338,5655,1676,3096,4590,5598
n1000-822,360000,1,3,1,46,-2,-2,-2,-2,-2,-2,0,0,0,0,0,0,0,0,0,0,0,0
n1000-823,220000,1,1,2,34,-2,-2,-2,-2,-2,-2,416,416,416,416,416,416,416,832,416,416,416,416
n1000-824,70000,1,2,1,45,0,0,0,0,0,0,67062,68622,28236,30750,35205,37466,3000,1500,3000,5000,3000,5000
n1000-825,2.00E+05,1,1,1,43,-2,-2,-2,-2,-2,-2,3005,4709,7544,9409,57023,2770,4709,7574,9497,57023,2770,1904
n1000-826,150000,1,2,1,31,0,0,0,0,0,0,146805,148293,146245,141593,133721,138524,5300,7000,6600,4700,13500,0
n1000-827,60000,1,2,1,45,0,0,0,0,0,0,67719,69501,58536,56705,18352,18195,3000,12423,2000,2000,1000,1000
n1000-828,70000,1,2,2,40,2,2,2,0,0,0,69164,70938,69248,69366,48998,27863,3500,0,2109,1500,3769,0
n1000-829,110000,1,5,1,36,-1,0,0,0,0,0,3385,31169,50526,51816,34262,23366,28000,20000,3000,3000,3000,3000
n1000-830,60000,1,2,1,32,0,0,0,0,0,0,22357,23663,24779,25322,19248,18061,1684,1800,1287,813,700,681
n1000-831,280000,1,1,2,30,0,0,0,0,0,0,100740,104055,106380,112596,114235,117232,5000,4000,8000,5000,5000,18000
n1000-832,110000,1,2,1,34,1,2,3,2,0,0,53524,58646,57156,54984,57437,59204,6600,0,0,4000,3500,2200
n1000-833,170000,1,1,1,35,-2,-2,-2,-2,-2,-2,-21,-21,-21,-21,-21,-21,0,0,0,0,0,0
n1000-834,50000,1,2,2,44,1,2,0,0,0,0,15323,14780,15889,16650,18535,18924,0,1354,1115,2000,520,600
n1000-835,260000,1,2,1,42,-2,-2,-2,-2,-2,-2,246,246,246,246,246,246,246,246,246,246,246,246
n1000-836,170000,1,2,1,52,3,2,2,-2,-1,-1,2184,1990,0,0,3955,1278,0,0,0,3955,1278,1316
n1000-837,1.00E+05,1,3,1,49,0,0,-2,-2,-2,-2,33333,0,0,0,0,0,0,0,0,0,0,0
n1000-838,180000,1,1,1,75,1,-2,-2,-2,-2,-2,0,0,0,0,0,0,0,0,0,0,0,0
n1000-839,90000,1,2,1,55,0,0,0,0,0,0,15019,19740,25382,27132,31675,37900,5000,6000,5000,5000,8000,2000
n1000-840,260000,2,2,1,37,1,-1,-1,-1,0,-1,0,312,920,37686,36523,574,312,920,37686,0,574,348
n1000-841,240000,2,2,1,34,-2,-1,0,0,0,0,0,2712,92496,95057,96974,98977,2712,90000,3346,2717,2796,2826
n1000-842,30000,2,2,1,21,0,0,0,0,0,0,28640,29133,30022,30068,28829,24935,1400,1819,1328,709,1101,1102
n1000-843,10000,2,1,2,22,0,0,0,0,0,0,7302,7857,8827,5622,5877,7036,1330,1300,1250,500,1255,315
n1000-844,80000,2,2,2,25,0,0,2,2,2,2,26855,28789,31026,31401,31986,32468,2386,2998,1183,1400,1139,0
n1000-845,50000,2,2,1,24,0,0,0,0,0,0,48700,47544,47612,48713,49295,49916,2401,2440,2396,1368,1401,1807
n1000-846,60000,2,2,2,25,0,0,0,0,0,0,34992,36106,37220,38253,39369,36592,2000,2000,2000,2000,1400,1400
n1000-847,50000,2,2,2,25,3,2,0,0,0,0,66881,65115,51010,50342,36025,36778,0,2092,1460,1167,1209,1645
n1000-848,80000,2,2,2,26,-1,-1,-1,-1,-1,-1,390,390,390,0,780,0,390,390,0,780,0,0
n1000-849,90000,2,1,2,24,0,0,0,-2,-2,-2,77860,76387,0,0,0,0,3292,0,0,0,0,0
n1000-850,2.00E+05,2,1,2,29,0,0,-1,-1,-1,0,11347,30478,7892,1961,1357,1357,25000,8082,2580,1357,0,0
n1000-851,2.00E+05,2,1,2,26,-2,-2,-2,-2,-2,-2,2232,3967,1348,20836,1321,561,3967,1348,20836,1321,561,2905
n1000-852,50000,2,2,1,23,0,0,0,0,0,0,5215,6232,7251,8326,9184,10031,1106,1125,1200,1000,1000,1000
n1000-853,3.00E+05,2,1,2,27,-1,-1,-1,-1,0,0,4850,42189,83754,120927,105303,82475,42198,83754,120927,0,716,25213
n1000-854,50000,2,3,2,22,0,0,0,2,2,0,46476,47703,51922,51563,50677,48556,2000,5000,1200,0,1853,0
n1000-855,5.00E+05,2,1,2,28,0,0,-1,0,0,0,19543,21788,19323,33146,39741,53516,5110,19623,15000,7000,14122,20000
n1000-856,310000,2,2,2,28,0,0,0,0,0,0,311380,314131,301646,292673,253269,256259,11264,10979,10950,9281,9304,9885
n1000-857,80000,2,3,1,44,-1,-1,-1,-1,-1,-1,817,1131,817,1907,1962,1865,1131,1000,1907,2000,2000,700
n1000-858,80000,2,2,1,37,0,0,0,0,0,0,69767,73197,44195,45458,48679,49895,5000,3000,2000,4000,2000,2000
n1000-859,320000,2,2,1,30,0,0,0,0,0,0,91029,84644,87765,83094,66463,63977,5005,15055,16752,10012,10071,10039
n1000-860,50000,2,2,1,34,0,0,0,0,0,0,26149,26660,27637,22521,20533,14659,2000,1718,1210,1018,539,5001
n1000-861,5.00E+05,2,2,1,34,0,0,0,0,0,0,144774,130097,134810,145182,141062,135358,20053,19000,15000,10040,15000,20000
n1000-862,280000,2,2,1,44,0,0,-1,-1,-2,-2,390,0,780,0,0,0,0,780,0,0,0,0
n1000-863,190000,2,2,2,40,0,0,0,0,0,0,182923,183436,162537,157497,155297,153594,8059,7741,7201,4815,4927,5380
n1000-864,5.00E+05,2,1,2,45,-2,-2,-2,-2,-2,-2,0,0,1742,27291,0,0,0,1742,27291,0,0,6386
n1000-865,80000,2,2,1,27,0,0,0,0,0,0,80658,70963,73411,75331,55011,56271,3800,3600,3200,2000,2100,3001
n1000-866,360000,2,2,2,27,0,-1,-1,-1,-1,0,13102,5628,1480,2330,2286,4385,5655,1480,2330,2550,3000,3000
n1000-867,2.00E+05,2,1,1,37,-1,-1,-2,-2,-2,-2,3135,0,0,0,0,0,0,0,0,0,0,0
n1000-868,240000,2,2,1,36,0,0,0,0,0,0,232031,226221,222929,215858,210887,205828,8193,9000,6600,6400,6382,5994
n1000-869,50000,2,2,1,33,0,0,0,0,0,0,44052,32030,31041,26197,25739,27659,2000,1451,3000,862,5000,10000
n1000-870,150000,2,1,1,33,-2,-2,-2,-2,-2,-2,-3,-3,-3,-3,-3,-3,0,0,0,0,0,698
n1000-871,240000,2,2,2,29,0,0,0,0,0,-2,17570,159228,150359,62242,0,0,150359,4199,1322,2480,0,0
n1000-872,60000,2,2,1,40,2,0,0,0,0,0,60211,55996,54178,44518,28636,28957,3000,2000,2000,3000,1300,1100
n1000-873,2.00E+05,2,2,1,32,0,0,0,0,0,0,166428,157908,150977,140358,130373,131885,6026,6007,5000,5000,5000,6000
n1000-874,220000,2,2,1,44,2,2,0,0,0,0,195375,185993,184568,168683,158742,161499,10,8304,7356,5300,5550,5050
n1000-875,280000,2,3,1,46,0,0,0,0,0,0,100858,107768,111858,83428,73908,81908,7768,5000,10000,0,8000,0
n1000-876,250000,2,2,1,37,1,-2,-1,-1,-1,-1,0,0,9737,790,20750,0,0,9737,790,20750,0,0
n1000-877,120000,2,2,2,30,0,0,0,0,0,0,121280,123176,121907,123949,112430,114322,6026,6000,6300,4000,4300,4322
n1000-878,90000,2,3,1,40,0,0,0,0,0,0,90483,90944,90720,82735,50185,50563,4000,3700,3534,2000,1820,2200
n1000-879,280000,2,1,1,45,-2,-2,-2,-2,-2,-2,26573,17597,22284,20232,17567,20027,18388,22302,20274,17567,20027,17025
n1000-880,30000,2,2,1,46,1,2,0,0,0,0,26840,25311,25906,25494,24986,24915,0,1804,1200,500,737,0
n1000-881,150000,2,1,2,26,0,0,2,0,0,0,65421,69087,63156,57147,53383,48556,4850,2000,2000,2000,2000,1500
n1000-882,150000,2,3,1,48,0,0,0,2,0,0,36717,37800,40874,39922,40953,42136,2000,4000,0,2000,2000,2000
n1000-883,50000,2,3,1,49,0,0,0,0,0,-2,49195,48496,49412,49590,0,0,47000,2000,1000,0,0,0
n1000-884,50000,2,3,1,50,0,0,0,0,0,0,36149,38078,36766,30490,26934,28118,3000,10000,5000,1500,2000,2000
n1000-885,240000,2,1,1,50,-2,-2,-2,-2,-2,-2,498,-2,497,-3,-3,-3,0,499,0,0,0,0
n1000-886,50000,2,3,1,52,0,0,0,0,-1,-1,48195,49024,38085,0,10400,0,2035,1650,0,10400,0,0
n1000-887,290000,2,2,1,60,1,-2,-2,-2,-2,-2,0,0,0,0,0,0,0,0,0,0,0,0
n1000-888,20000,1,2,1,27,0,0,0,0,-1,0,19339,20187,17592,14588,624,19945,1500,1295,1200,624,19563,628
n1000-889,20000,1,1,2,22,0,0,0,0,0,0,16620,17446,18534,19145,19547,19947,2000,2000,1278,1000,1000,764
n1000-890,30000,1,1,2,24,0,0,0,0,0,0,14857,16302,17333,18735,18952,19195,2000,1598,2000,825,698,701
n1000-891,70000,1,1,2,27,0,0,0,0,-2,-1,64317,59944,30206,0,0,5000,2500,1000,0,0,5000,5862
n1000-892,30000,1,2,2,25,1,2,0,0,2,2,12925,13411,14190,16218,15663,17250,1000,1300,2273,0,2000,0
n1000-893,30000,1,2,2,32,2,3,2,2,2,0,32704,31895,31091,31002,29879,29382,0,0,2300,0,996,1000
n1000-894,160000,1,1,2,29,1,-2,-2,-2,-2,-2,0,0,0,0,0,0,0,0,0,0,0,0
n1000-895,50000,1,1,1,32,0,0,0,0,0,0,25411,26989,28245,29176,28696,29321,2000,2000,1500,1000,913,1800
n1000-896,3.00E+05,1,1,1,40,-2,-2,-2,-2,-2,-2,5649,5649,5649,5699,5466,19878,5649,5649,5699,5616,20272,0
n1000-897,2.00E+05,1,2,1,35,-1,-1,-1,-1,-1,0,8028,3729,-19,3920,4452,685,3747,0,3939,4470,3,1064
n1000-898,50000,1,2,1,42,1,2,0,0,0,0,50179,49056,48714,38653,19439,14711,0,4000,2000,1000,521,700
n1000-899,250000,1,3,2,31,0,0,0,0,0,0,73215,70284,70375,65085,54986,50848,7009,5023,5069,10037,5184,15011
n1000-900,10000,1,2,1,33,0,0,0,0,0,0,10146,9352,9919,10400,10123,19813,1158,1200,1137,335,351,1000
n1000-901,60000,1,2,2,32,-1,2,-1,2,0,0,2178,1755,58197,50485,37710,38073,0,58197,0,2000,1366,2000
n1000-902,3.00E+05,1,2,1,45,1,-1,0,0,0,0,114324,238058,236220,233586,234661,233304,244500,8613,8000,11000,8093,6399
n1000-903,360000,1,3,1,42,0,0,0,0,0,0,226988,217735,207215,197096,187693,177338,8006,7506,7006,7006,6103,5506
n1000-904,150000,1,2,2,31,0,0,0,0,0,0,19057,20091,21423,23927,25718,136667,1500,1500,3000,2000,111338,4000
n1000-905,210000,1,2,1,43,0,0,0,0,0,0,48540,38410,40291,31869,32186,25554,4000,5013,4000,5000,5000,5000
n1000-906,360000,1,2,1,37,-2,-2,-2,-2,-2,-2,346,9138,-1,377,2899,376,9182,0,378,2912,377,3208
n1000-907,10000,1,1,1,42,4,3,2,2,2,0,6744,6494,6247,7975,7701,7787,0,0,2000,0,359,331
n1000-908,1.00E+05,1,1,2,32,0,0,0,0,0,0,83845,87580,84140,86400,87275,89082,4500,3300,3881,2500,2519,2700
n1000-909,240000,1,3,2,28,0,0,-1,-1,-2,-2,22334,13842,1425,10591,1793,1509,3851,1467,10594,1802,1516,1193
n1000-910,170000,1,2,1,34,1,-2,-1,-1,0,0,-8,-8,2698,6951,12753,12023,0,2706,6954,7002,241,13074
n1000-911,140000,1,2,2,44,2,0,0,0,0,0,84371,85119,86901,89583,90432,92332,3046,3153,4126,3231,3351,3400
n1000-912,120000,1,1,1,41,0,0,0,0,0,-1,115467,54921,56542,58023,17421,105771,2000,2500,2800,1000,109000,4200
n1000-913,250000,1,1,1,35,0,0,0,0,-1,0,70767,78906,84078,70507,2841,12606,10000,10000,10000,3000,10000,5000
n1000-914,3.00E+05,1,1,1,37,-2,-2,-2,-1,-1,-2,19954,22492,20477,27206,37191,7543,23348,20477,27206,177202,7543,13719
n1000-915,3.00E+05,1,2,1,51,1,2,0,0,0,2,198235,193548,198422,204116,214691,218101,0,8000,9000,15500,7000,10000
n1000-916,50000,2,2,1,29,0,0,0,0,0,0,49895,48434,47827,28935,28224,27547,1867,1521,1419,969,997,952
n1000-917,80000,2,1,2,23,2,2,2,0,0,0,84052,84787,77572,77123,49823,50680,7100,0,3500,2500,2000,2000
n1000-918,30000,2,2,2,24,0,0,0,0,2,2,20367,21882,22929,25433,26228,25679,2000,1696,3200,1500,0,4306
n1000-919,50000,2,2,2,25,0,0,0,0,0,0,47431,48306,35150,25104,20560,8614,2000,1542,1475,1000,350,386
n1000-920,30000,2,3,2,24,1,-2,-1,0,0,0,0,0,1469,2432,827,0,0,1469,1008,300,0,0
n1000-921,10000,2,2,2,22,0,0,0,0,0,0,6488,7502,8519,9376,9562,9762,1282,1299,1156,342,354,793
n1000-922,1.00E+05,2,1,1,24,0,0,0,0,0,0,10376,36404,37813,38881,39634,40493,26404,2000,2001,1700,1650,1800
n1000-923,50000,2,2,2,22,0,0,0,0,-2,-2,50180,38404,29775,0,0,0,2100,1800,0,0,0,0
n1000-924,50000,2,2,1,24,0,0,0,-1,0,0,20173,15509,7085,10358,8606,2740,1500,2008,10358,1000,1000,4438
n1000-925,120000,2,1,2,24,-1,-1,-1,-1,-1,-1,2946,384,1914,390,0,780,384,1920,390,0,780,0
n1000-926,1.00E+05,2,2,2,25,0,0,0,0,0,0,100778,98987,101368,100466,97117,99252,4000,4000,4000,3500,3700,4000
n1000-927,60000,2,3,2,27,0,0,0,0,0,0,39325,40668,42009,43804,44473,45752,2000,2000,2500,1700,2000,1700
n1000-928,2.00E+05,2,1,2,28,0,0,0,0,0,0,7484,8273,13249,22319,17279,9853,2000,13000,10000,5000,5000,4000
n1000-929,80000,2,1,2,27,0,0,0,0,0,0,36959,38042,38925,40274,41598,42926,2000,1800,2000,2000,2000,3000
n1000-930,180000,2,2,2,25,0,0,0,0,0,0,177607,177498,176081,175540,142015,139162,6500,7000,7200,5018,5200,5300
n1000-931,2.00E+05,2,1,2,27,0,0,2,2,2,2,159215,172029,167856,179126,174748,179337,15500,0,14100,0,7400,13000
n1000-932,230000,2,1,2,29,2,-1,-1,-1,-1,-1,711,711,711,711,711,291,711,711,711,711,291,1131
n1000-933,20000,2,2,2,28,0,0,2,0,0,0,2937,5696,4144,8168,6894,11424,3353,3,5101,6,6530,8103
n1000-934,180000,2,4,1,28,2,0,0,0,0,0,117328,115140,73730,64600,2500,0,4117,3504,3000,0,0,0
n1000-935,1.00E+05,2,2,2,40,0,0,0,0,0,0,92393,85345,76109,77068,77868,75954,3500,3500,3300,3000,3000,3000
n1000-936,130000,2,3,2,46,0,0,0,0,0,0,131996,132177,132927,131866,130707,129174,5000,5000,4600,5000,4614,5139
n1000-937,2.00E+05,2,2,1,48,-2,-2,-1,-1,0,0,2233,6731,1374,24836,23348,7058,6734,1374,74836,0,250,55892
n1000-938,280000,2,1,2,29,-2,-2,-2,-2,-2,-2,0,0,0,0,0,0,0,0,0,0,0,0
n1000-939,50000,2,2,1,48,0,0,0,0,0,0,44324,43053,44016,15386,31401,16573,2000,1880,2000,1000,2000,1500
n1000-940,310000,2,2,1,42,-2,-2,-2,-2,-2,-2,2851,4609,2109,14109,2109,2218,7869,2109,14109,2109,2218,1809
n1000-941,20000,2,2,1,42,2,3,2,2,2,2,18162,18464,19465,19649,19978,20512,900,1600,800,950,1000,800
n1000-942,80000,2,3,1,31,0,0,2,0,0,0,56195,60067,58535,59730,61236,70617,4808,0,2169,2500,10400,0
n1000-943,170000,2,2,1,31,-1,0,0,0,0,-2,60644,63948,62090,63000,0,0,5000,5000,4000,0,0,3300
n1000-944,80000,2,1,2,27,-1,-1,2,-1,-1,-1,988,12922,12261,2393,407,2888,12961,0,2403,407,3176,7336
n1000-945,140000,2,2,1,31,0,0,0,0,0,0,98250,100319,102231,95852,94005,93177,4600,4523,4300,3300,3400,3600
n1000-946,50000,2,2,3,34,0,0,0,0,0,0,50854,17429,17728,17886,18043,19134,1314,2000,1300,1000,1500,1000
n1000-947,30000,2,3,2,35,0,0,0,0,0,0,27873,27326,27648,27859,27084,27133,1441,1479,1406,1097,2031,0
n1000-948,240000,2,1,1,40,1,-1,-1,-1,-1,-1,0,9965,4100,4100,4100,4100,9965,4100,4100,4100,4100,4732
n1000-949,1.00E+05,2,2,2,41,0,0,0,0,0,0,98075,96813,85590,79747,70468,63235,3600,3289,2632,2449,2300,2539
n1000-950,80000,2,1,2,32,0,0,0,0,0,0,70163,72984,74807,76363,78091,79829,4000,3000,2800,3000,3000,3000
n1000-951,10000,2,2,1,38,1,3,2,0,-1,0,3980,3771,3564,4500,5039,5275,0,0,1000,5039,375,0
n1000-952,50000,2,2,2,30,0,0,0,0,0,0,46795,46285,43282,14713,19583,14959,2169,1966,1130,5000,1000,441
n1000-953,2.00E+05,2,1,2,30,-2,-2,-2,-2,-2,-2,1028,1025,1613,2193,2698,3812,1030,1621,2213,2711,3831,2213
n1000-954,360000,2,1,1,48,0,0,0,0,0,0,202783,202036,202918,202197,199002,197781,10000,10000,10000,7500,8000,8000
n1000-955,50000,2,1,2,29,0,0,0,0,0,0,28889,21803,20990,16236,9759,8789,1368,1330,1160,330,314,364
n1000-956,80000,2,3,0,40,2,2,3,2,-1,-1,1140,5395,4415,1375,779,5889,5000,0,0,885,5889,4239
n1000-957,30000,2,1,2,37,-1,-1,-1,-1,-1,-1,264,264,264,0,528,0,264,264,0,528,0,0
n1000-958,390000,2,5,2,45,0,0,0,0,0,0,184547,179819,162571,167832,205750,212634,6645,5782,7782,42393,10414,7422
n1000-959,280000,2,2,1,36,-2,-2,-2,-2,-2,-2,2874,2874,2874,2874,2874,2854,2888,2888,2888,2888,2868,7029
n1000-960,30000,2,5,2,46,0,0,2,0,0,-2,29213,17064,16465,16977,0,0,5064,0,5047,0,0,0
n1000-961,2.00E+05,2,3,1,42,-1,-1,-1,-1,-1,-1,858,1406,3673,0,150,609,1406,3673,0,150,609,939
n1000-962,5.00E+05,2,1,1,39,-1,-1,-1,-1,-1,-1,10840,1108,2111,920,920,920,1108,2111,920,920,920,0
n1000-963,210000,2,2,1,46,-1,2,-1,-1,-2,-2,594,594,21445,0,0,0,0,21451,0,0,0,0
n1000-964,50000,2,2,2,37,0,0,0,-1,0,0,4793,3594,0,5369,3746,9408,3000,0,5369,0,9000,10000
n1000-965,270000,2,2,2,39,-2,-2,-2,-2,-2,-2,3073,1816,1163,1582,0,1320,1816,1163,1582,0,1320,717
n1000-966,10000,2,3,2,54,0,-1,-1,2,2,-1,1083,390,390,390,0,780,780,780,0,0,780,0
n1000-967,150000,2,2,1,50,-2,-2,-2,-2,-2,-2,0,0,0,0,0,0,0,0,0,0,0,0
n1000-968,10000,2,2,3,52,1,4,3,2,2,0,8546,8267,7992,8610,8325,8441,0,0,900,0,400,900
n1000-969,4.00E+05,2,1,1,55,-1,-1,-1,-1,0,0,153951,193159,72201,199209,179290,9780,193358,72356,199209,411,0,126743
n1000-970,140000,2,3,1,56,-1,-1,3,2,2,5,11106,13627,13125,14600,16066,17521,3000,0,2000,2000,2000,3000
n1000-971,80000,2,3,1,56,-1,0,0,0,-2,-2,1407,2445,3377,-6,2188,5808,1068,1000,6,2194,5825,0
n1000-972,30000,2,3,1,67,2,2,2,0,0,0,27943,30734,28092,29112,29555,28536,3580,0,1800,1200,1083,1200
n1000-973,160000,1,2,1,27,0,0,0,0,0,-2,112022,85788,67093,30166,0,0,4342,4017,2190,3990,0,0
n1000-974,30000,1,3,2,26,0,0,0,0,0,0,28337,27203,25791,18972,28051,20782,2000,2000,1600,10000,2140,0
n1000-975,70000,1,2,1,26,0,0,0,0,0,0,18757,19764,20539,23066,23684,24182,1625,1400,2882,1000,879,1033
n1000-976,20000,1,2,2,27,1,6,5,4,4,3,19388,18807,18235,18654,18073,17501,0,0,1000,0,0,0
n1000-977,80000,1,1,1,27,-1,-1,0,-1,-1,0,2197,3613,4820,867,1154,2473,3613,1500,867,1500,1500,3700
n1000-978,50000,1,2,2,24,0,0,0,0,0,0,10912,10401,20916,20658,9426,8215,2152,1209,1080,438,434,390
n1000-979,50000,1,2,2,28,0,0,0,0,0,0,48591,48896,48587,37211,28248,28430,2300,2000,1432,988,1600,1600
n1000-980,140000,1,5,2,30,-2,-2,-2,-1,-1,0,2663,1823,1823,1769,84042,89381,1823,1823,1769,85096,9000,4000
n1000-981,130000,1,2,2,30,-1,2,2,2,-1,-1,780,780,390,0,780,0,390,0,0,780,0,0
n1000-982,180000,1,1,2,28,0,-1,-1,0,-1,-1,9796,500,3866,6019,7602,7622,500,3866,3300,7602,7622,0
n1000-983,20000,1,2,1,32,0,0,0,2,0,0,16354,17776,21158,20511,20316,20474,1700,4000,0,800,1000,800
n1000-984,320000,1,1,2,34,0,0,0,0,0,0,71944,88243,96574,104795,113156,121465,19246,11550,11688,12122,12156,2437
n1000-985,50000,1,2,1,45,-1,-1,-1,-1,-1,-1,942,942,942,390,390,390,942,942,390,390,390,0
n1000-986,1.00E+05,1,3,2,48,0,0,0,0,0,0,58430,36846,35538,34958,34039,33650,2000,2000,2000,2000,2000,20000
n1000-987,50000,1,2,2,37,5,4,3,2,0,0,19859,19268,18687,17956,17710,18710,0,0,0,354,1000,1000
n1000-988,280000,1,3,1,45,-2,-2,-2,-2,-2,-2,14493,1589,-7,1420,8036,12863,1596,0,1427,8076,12927,0
n1000-989,50000,1,3,2,36,0,0,2,2,2,2,22312,25349,26075,25358,27123,27509,3416,1425,0,2190,965,0
n1000-990,110000,1,2,1,39,2,3,2,2,2,2,39733,38862,40995,40106,42492,43197,0,3000,0,3300,1463,0
n1000-991,360000,1,1,1,36,-2,-2,-2,-2,-2,-2,1814,6545,0,0,0,0,6545,0,0,0,0,259
n1000-992,50000,1,3,1,47,2,2,2,0,0,0,39892,42704,34909,33528,16205,16593,3600,5,1309,800,800,750
n1000-993,230000,1,2,1,35,0,0,0,0,0,0,174274,176853,180639,180117,179717,124117,7004,10000,5000,0,5000,189600
n1000-994,5.00E+05,1,2,1,49,-1,-1,2,-1,-1,-1,1460,5594,5334,1911,1774,5351,5334,25,1920,1783,5377,237
n1000-995,170000,1,1,2,32,0,0,0,0,0,0,166470,159880,161445,152549,122948,120277,5809,7334,6699,4315,4410,4309
n1000-996,2.00E+05,1,1,1,37,-2,-2,-2,-2,-2,-2,11572,52799,19583,20632,3142,21253,55291,25120,25118,36,27107,43215
n1000-997,50000,1,2,2,40,2,0,0,2,0,0,11058,12479,13876,13444,13367,13282,2000,2000,1000,1000,1000,2000
n1000-998,290000,1,2,2,30,2,2,0,0,0,2,270131,213484,197238,202680,133478,131024,0,9000,10500,17000,0,3500
n1000-999,280000,1,1,1,31,0,0,0,0,0,0,235461,196894,168463,149816,128721,130406,8900,8100,7200,5000,5000,4700
n1000-1000,180000,1,2,2,30,0,0,0,0,2,-1,51323,44638,28674,14834,1415,47417,2124,1588,1526,66,57317,70052
